,Frequency,Recency,Monetary,Cluster,Cluster Name
0,205,0,152121.22,2,Champions
1,155,7,51208.87,2,Champions
2,144,0,22457.9,2,Champions
3,121,0,55942.74,2,Champions
4,109,3,57885.45,2,Champions
5,102,1,18482.1,2,Champions
6,100,6,191267.73,2,Champions
7,94,8,131443.19,2,Champions
8,91,0,29562.02,2,Champions
9,89,0,349164.35,2,Champions
10,86,2,83284.38,2,Champions
11,78,9,248396.5,2,Champions
12,73,6,51132.0,2,Champions
13,69,0,19257.08,2,Champions
14,62,7,1697.85,2,Champions
15,60,0,14174.25,2,Champions
16,59,4,28904.670000000002,2,Champions
17,54,7,38683.02,2,Champions
18,49,9,20129.54,2,Champions
19,48,8,47111.18,2,Champions
20,47,7,41184.3,2,Champions
21,47,3,19960.3,2,Champions
22,46,132,14523.67,2,Champions
23,46,6,23616.422,2,Champions
24,44,4,11920.43,2,Champions
25,43,6,28615.27,2,Champions
26,42,15,50291.38,2,Champions
27,41,62,5996.83,2,Champions
28,40,2,17885.32,2,Champions
29,40,4,6848.87,2,Champions
30,39,6,20009.84,2,Champions
31,39,4,18320.170000000002,2,Champions
32,39,3,20137.24,2,Champions
33,39,1,19333.95,2,Champions
34,38,3,7670.54,2,Champions
35,38,10,39667.19,2,Champions
36,37,1,30501.260000000002,2,Champions
37,35,3,15310.35,2,Champions
38,34,0,11236.95,2,Champions
39,33,1,4782.88,2,Champions
40,32,1,22554.22,2,Champions
41,32,1,16904.510000000002,2,Champions
42,32,22,9905.56,2,Champions
43,31,0,12418.01,2,Champions
44,31,111,14687.06,2,Champions
45,31,2,84541.17,2,Champions
46,30,1,6615.77,2,Champions
47,29,1,7681.71,2,Champions
48,29,211,23691.4,2,Champions
49,29,7,65500.07,2,Champions
50,28,1,20329.68,2,Champions
51,28,3,3773.11,2,Champions
52,27,0,23632.72,2,Champions
53,27,3,4601.69,2,Champions
54,27,9,25381.65,2,Champions
55,27,2,14201.53,2,Champions
56,27,14,80489.21,2,Champions
57,26,8,9178.26,2,Champions
58,26,1,4076.9700000000003,2,Champions
59,26,0,17703.63,2,Champions
60,26,7,8560.550000000001,2,Champions
61,26,0,7732.37,2,Champions
62,26,10,15785.87,2,Champions
63,25,3,7210.59,2,Champions
64,24,32,8746.9,2,Champions
65,24,2,17080.74,2,Champions
66,24,23,6174.47,2,Champions
67,24,25,10974.23,2,Champions
68,24,18,11366.64,2,Champions
69,23,11,8403.22,2,Champions
70,23,10,28019.58,2,Champions
71,23,15,10988.14,2,Champions
72,23,21,8963.49,2,Champions
73,23,0,11745.69,2,Champions
74,23,0,5266.7699999999995,2,Champions
75,23,41,4782.400000000001,2,Champions
76,23,3,8018.77,2,Champions
77,23,11,6285.27,2,Champions
78,23,1,11535.29,2,Champions
79,22,14,3876.2599999999998,2,Champions
80,22,35,29480.061,2,Champions
81,22,0,7267.83,2,Champions
82,22,2,4129.26,2,Champions
83,22,0,8703.210000000001,2,Champions
84,22,17,4881.1,2,Champions
85,21,8,7832.91,2,Champions
86,21,31,9529.86,2,Champions
87,21,3,5735.09,2,Champions
88,21,6,32451.6,2,Champions
89,21,70,7304.8,2,Champions
90,21,31,10864.19,2,Champions
91,21,52,2657.91,2,Champions
92,21,30,7731.99,2,Champions
93,20,16,3010.13,2,Champions
94,20,39,14256.68,2,Champions
95,20,1,21107.94,2,Champions
96,20,59,2993.37,2,Champions
97,20,0,4536.29,2,Champions
98,20,7,7377.46,2,Champions
99,20,7,7712.71,2,Champions
100,19,0,10533.87,2,Champions
101,19,17,5393.88,2,Champions
102,19,3,17403.21,2,Champions
103,19,1,12633.18,2,Champions
104,19,1,4369.56,2,Champions
105,19,57,9374.86,2,Champions
106,19,1,6477.67,2,Champions
107,19,2,8385.22,2,Champions
108,19,1,5535.02,2,Champions
109,19,6,30867.77,2,Champions
110,19,4,7614.24,2,Champions
111,18,14,8389.42,2,Champions
112,18,0,4266.88,2,Champions
113,18,6,7814.83,2,Champions
114,18,3,14562.91,2,Champions
115,18,6,2101.61,2,Champions
116,18,59,6627.64,2,Champions
117,18,21,5994.94,2,Champions
118,18,23,7320.88,2,Champions
119,18,3,2325.92,2,Champions
120,18,16,5165.9,2,Champions
121,18,4,14482.03,2,Champions
122,18,18,13980.83,2,Champions
123,18,7,9729.09,2,Champions
124,18,137,2126.09,0,Loyal Customers
125,18,0,12992.33,2,Champions
126,18,7,3350.7400000000002,2,Champions
127,18,16,13542.92,2,Champions
128,18,1,5236.77,2,Champions
129,18,1,7619.21,2,Champions
130,17,9,5600.45,2,Champions
131,17,0,3457.83,2,Champions
132,17,9,1091.44,2,Champions
133,17,0,4558.01,2,Champions
134,17,11,3959.4900000000002,2,Champions
135,17,7,8183.56,2,Champions
136,17,4,5224.81,2,Champions
137,17,48,3729.59,2,Champions
138,17,8,5557.62,2,Champions
139,17,11,7510.24,2,Champions
140,17,115,4832.9,2,Champions
141,17,1,10245.49,2,Champions
142,17,6,3982.66,2,Champions
143,17,4,3472.61,2,Champions
144,17,9,7318.91,2,Champions
145,16,11,2600.41,2,Champions
146,16,9,21659.69,2,Champions
147,16,4,3323.75,2,Champions
148,16,13,8854.25,2,Champions
149,16,24,4762.07,2,Champions
150,16,3,5607.43,2,Champions
151,16,4,5781.4400000000005,2,Champions
152,16,30,19381.36,2,Champions
153,16,2,3000.5,2,Champions
154,16,4,5185.51,2,Champions
155,16,2,24701.52,2,Champions
156,16,7,1957.98,2,Champions
157,16,4,5061.03,2,Champions
158,16,0,11086.14,2,Champions
159,15,0,4144.44,2,Champions
160,15,24,3940.08,2,Champions
161,15,7,11411.92,2,Champions
162,15,14,10705.8,2,Champions
163,15,55,8207.37,2,Champions
164,15,7,6055.47,2,Champions
165,15,1,6784.01,2,Champions
166,15,13,6650.83,2,Champions
167,15,7,5019.17,2,Champions
168,15,28,10405.03,2,Champions
169,15,51,4466.65,2,Champions
170,15,27,7321.07,2,Champions
171,15,23,3473.8,2,Champions
172,15,0,7539.84,2,Champions
173,15,17,11123.35,2,Champions
174,15,4,5281.53,2,Champions
175,15,23,16847.18,2,Champions
176,15,29,3126.36,2,Champions
177,14,3,7069.27,2,Champions
178,14,4,5105.32,2,Champions
179,14,0,6251.71,2,Champions
180,14,22,6878.88,2,Champions
181,14,35,6145.37,2,Champions
182,14,2,2443.77,2,Champions
183,14,16,4962.27,2,Champions
184,14,30,4983.95,2,Champions
185,14,3,4811.16,2,Champions
186,14,2,2347.33,2,Champions
187,14,50,17642.89,2,Champions
188,14,17,2448.32,2,Champions
189,14,18,6638.650000000001,2,Champions
190,14,2,4292.35,2,Champions
191,14,29,4428.24,2,Champions
192,14,24,4814.56,2,Champions
193,14,8,4621.32,2,Champions
194,14,4,3545.47,2,Champions
195,14,1,2486.0,2,Champions
196,14,1,6357.08,2,Champions
197,14,0,5272.83,2,Champions
198,14,1,5013.96,2,Champions
199,14,17,11359.48,2,Champions
200,14,1,5839.46,2,Champions
201,14,20,11433.77,2,Champions
202,14,28,4202.66,2,Champions
203,14,3,2515.76,2,Champions
204,13,56,4376.41,2,Champions
205,13,136,2354.97,0,Loyal Customers
206,13,36,5954.29,2,Champions
207,13,8,9653.279999999999,2,Champions
208,13,4,1828.24,2,Champions
209,13,1,3378.66,2,Champions
210,13,30,2241.78,2,Champions
211,13,4,4795.09,2,Champions
212,13,3,3823.78,2,Champions
213,13,3,2698.17,2,Champions
214,13,13,5048.66,2,Champions
215,13,127,2334.97,0,Loyal Customers
216,13,4,11308.48,2,Champions
217,13,9,6007.88,2,Champions
218,13,11,5459.04,2,Champions
219,13,8,1199.08,2,Champions
220,13,31,10300.98,2,Champions
221,13,8,7166.0599999999995,2,Champions
222,13,10,6088.05,2,Champions
223,13,24,8915.99,2,Champions
224,13,1,4091.16,2,Champions
225,13,144,4335.96,0,Loyal Customers
226,13,14,9365.47,2,Champions
227,13,35,8308.19,2,Champions
228,13,0,5416.349999999999,2,Champions
229,13,18,1405.83,2,Champions
230,13,58,4518.43,2,Champions
231,13,0,3427.44,2,Champions
232,13,20,10327.2,2,Champions
233,13,2,4480.31,2,Champions
234,13,29,4742.0,2,Champions
235,13,20,4660.75,2,Champions
236,13,20,4212.411,2,Champions
237,13,8,4370.52,2,Champions
238,13,25,2971.21,2,Champions
239,13,14,3757.92,2,Champions
240,13,7,7348.3,2,Champions
241,13,0,5189.32,2,Champions
242,12,31,7267.49,2,Champions
243,12,9,15120.800000000001,2,Champions
244,12,15,4020.85,2,Champions
245,12,21,8870.880000000001,2,Champions
246,12,10,5252.1900000000005,2,Champions
247,12,7,4615.72,2,Champions
248,12,32,2993.88,2,Champions
249,12,11,5146.45,2,Champions
250,12,1,2527.17,2,Champions
251,12,20,2736.64,2,Champions
252,12,25,2956.9500000000003,2,Champions
253,12,7,4630.7,2,Champions
254,12,6,2444.88,2,Champions
255,12,20,5267.33,2,Champions
256,12,15,7587.2,2,Champions
257,12,46,3176.13,2,Champions
258,12,0,1658.8999999999999,2,Champions
259,12,17,4860.35,2,Champions
260,12,22,7516.31,2,Champions
261,12,7,1605.8400000000001,2,Champions
262,12,14,3346.41,2,Champions
263,12,35,3180.28,2,Champions
264,12,9,2562.58,2,Champions
265,12,35,3020.64,2,Champions
266,12,14,5579.87,2,Champions
267,12,4,2461.68,2,Champions
268,12,20,3412.78,2,Champions
269,12,45,5400.461,2,Champions
270,12,17,4526.06,2,Champions
271,12,0,4331.41,2,Champions
272,12,10,2208.15,2,Champions
273,12,10,4354.12,2,Champions
274,12,18,1572.47,2,Champions
275,12,3,19726.76,2,Champions
276,12,8,2509.84,2,Champions
277,12,59,3295.7400000000002,0,Loyal Customers
278,12,59,3722.12,0,Loyal Customers
279,12,1,4659.47,2,Champions
280,12,14,3965.29,2,Champions
281,12,10,3694.23,2,Champions
282,12,14,13683.0,2,Champions
283,12,15,9572.45,2,Champions
284,12,1,4330.461,2,Champions
285,11,10,10497.300000000001,2,Champions
286,11,4,1990.8,2,Champions
287,11,9,3486.41,2,Champions
288,11,14,2750.83,2,Champions
289,11,4,2441.61,2,Champions
290,11,6,5925.4800000000005,2,Champions
291,11,1,2704.63,2,Champions
292,11,13,4405.71,2,Champions
293,11,1,1292.39,2,Champions
294,11,4,6874.97,2,Champions
295,11,45,3148.31,2,Champions
296,11,28,5193.92,2,Champions
297,11,164,372.86,0,Loyal Customers
298,11,7,2538.7599999999998,2,Champions
299,11,14,8356.83,2,Champions
300,11,17,3096.14,2,Champions
301,11,14,4101.68,2,Champions
302,11,34,2359.16,2,Champions
303,11,24,3949.37,2,Champions
304,11,9,6691.13,2,Champions
305,11,9,4939.24,2,Champions
306,11,8,4834.400000000001,2,Champions
307,11,95,1380.44,0,Loyal Customers
308,11,14,3628.87,2,Champions
309,11,39,6019.65,2,Champions
310,11,24,5711.9400000000005,2,Champions
311,11,30,3999.8900000000003,2,Champions
312,11,6,3955.6800000000003,2,Champions
313,11,14,3640.96,2,Champions
314,11,3,2726.77,2,Champions
315,11,2,3961.44,2,Champions
316,11,50,2448.2,0,Loyal Customers
317,11,1,4258.2699999999995,2,Champions
318,11,2,4120.32,2,Champions
319,11,9,11013.82,2,Champions
320,11,4,5716.14,2,Champions
321,11,27,2814.58,2,Champions
322,11,6,1923.57,2,Champions
323,11,13,2612.2000000000003,2,Champions
324,11,0,2752.5099999999998,2,Champions
325,11,127,6251.26,0,Loyal Customers
326,11,7,6009.34,2,Champions
327,11,1,2865.05,2,Champions
328,11,2,3003.9100000000003,2,Champions
329,11,2,6619.57,2,Champions
330,11,14,1654.08,2,Champions
331,11,14,3996.7999999999997,2,Champions
332,11,0,3062.52,2,Champions
333,11,2,4953.61,2,Champions
334,11,65,3881.89,0,Loyal Customers
335,10,1,3526.81,2,Champions
336,10,2,2212.11,2,Champions
337,10,4,6621.6,2,Champions
338,10,3,3265.45,2,Champions
339,10,1,6226.43,2,Champions
340,10,11,2564.98,2,Champions
341,10,2,3999.2300000000005,2,Champions
342,10,17,4539.23,2,Champions
343,10,14,6124.52,2,Champions
344,10,17,4573.85,2,Champions
345,10,52,3372.92,0,Loyal Customers
346,10,2,2119.26,2,Champions
347,10,10,4287.5,2,Champions
348,10,32,8333.72,2,Champions
349,10,3,4292.59,2,Champions
350,10,14,1850.82,2,Champions
351,10,57,2137.72,0,Loyal Customers
352,10,9,3152.54,2,Champions
353,10,7,2946.42,2,Champions
354,10,16,4145.33,2,Champions
355,10,51,3321.68,0,Loyal Customers
356,10,1,4479.82,2,Champions
357,10,4,5287.64,2,Champions
358,10,24,2614.78,2,Champions
359,10,14,3309.35,2,Champions
360,10,21,3241.92,2,Champions
361,10,38,3885.54,2,Champions
362,10,20,2990.41,2,Champions
363,10,107,2965.91,0,Loyal Customers
364,10,49,9839.55,2,Champions
365,10,66,1882.3200000000002,0,Loyal Customers
366,10,9,2809.14,2,Champions
367,10,60,2533.37,0,Loyal Customers
368,10,11,2153.48,2,Champions
369,10,0,2797.53,2,Champions
370,10,7,3159.46,2,Champions
371,10,49,2909.68,0,Loyal Customers
372,10,14,2568.32,2,Champions
373,10,55,2285.04,0,Loyal Customers
374,10,22,1839.03,2,Champions
375,10,29,2449.75,2,Champions
376,10,32,1661.54,0,Loyal Customers
377,10,0,2146.95,2,Champions
378,10,63,2729.84,0,Loyal Customers
379,10,63,3208.85,0,Loyal Customers
380,10,70,5102.86,0,Loyal Customers
381,10,18,1682.03,2,Champions
382,10,23,7699.7,2,Champions
383,10,8,1580.3799999999999,2,Champions
384,10,9,3171.54,2,Champions
385,10,22,6739.01,2,Champions
386,10,37,1762.99,0,Loyal Customers
387,10,8,2033.64,2,Champions
388,10,0,5218.709999999999,2,Champions
389,10,10,4698.79,2,Champions
390,10,31,3226.76,2,Champions
391,10,1,2244.29,2,Champions
392,10,65,1925.9,0,Loyal Customers
393,10,3,1498.8,2,Champions
394,10,0,3786.7000000000003,2,Champions
395,10,24,3207.76,2,Champions
396,10,14,3695.91,2,Champions
397,10,198,5750.08,0,Loyal Customers
398,10,2,2664.69,2,Champions
399,10,7,2154.88,2,Champions
400,10,8,3138.2400000000002,2,Champions
401,10,122,1610.82,0,Loyal Customers
402,10,0,3141.4,2,Champions
403,10,127,4287.58,0,Loyal Customers
404,9,80,3015.55,0,Loyal Customers
405,9,0,4281.05,2,Champions
406,9,25,5097.13,2,Champions
407,9,104,2016.71,0,Loyal Customers
408,9,56,9796.23,2,Champions
409,9,0,2970.14,2,Champions
410,9,22,2052.81,2,Champions
411,9,3,2601.19,2,Champions
412,9,14,4247.11,2,Champions
413,9,15,6493.14,2,Champions
414,9,21,2149.65,2,Champions
415,9,59,2744.42,0,Loyal Customers
416,9,3,4217.2300000000005,2,Champions
417,9,8,5655.2,2,Champions
418,9,51,2651.45,0,Loyal Customers
419,9,7,1570.73,2,Champions
420,9,1,3127.85,2,Champions
421,9,23,2595.51,2,Champions
422,9,34,3033.88,0,Loyal Customers
423,9,14,1563.54,2,Champions
424,9,2,1618.93,2,Champions
425,9,24,1921.19,2,Champions
426,9,14,6026.14,2,Champions
427,9,59,3003.26,0,Loyal Customers
428,9,72,3961.42,0,Loyal Customers
429,9,13,4792.96,2,Champions
430,9,45,424.18,0,Loyal Customers
431,9,23,2121.43,2,Champions
432,9,27,4019.85,2,Champions
433,9,11,6879.2300000000005,2,Champions
434,9,81,3667.83,0,Loyal Customers
435,9,32,3048.38,2,Champions
436,9,7,4242.1,2,Champions
437,9,16,2371.74,2,Champions
438,9,16,1660.23,2,Champions
439,9,7,3488.16,2,Champions
440,9,20,2376.1020000000003,2,Champions
441,9,39,10776.42,2,Champions
442,9,28,3970.0,2,Champions
443,9,48,2108.37,0,Loyal Customers
444,9,28,3934.25,2,Champions
445,9,8,2694.75,2,Champions
446,9,30,2304.51,0,Loyal Customers
447,9,23,6640.39,2,Champions
448,9,22,3027.58,2,Champions
449,9,20,2919.84,2,Champions
450,9,14,2508.32,2,Champions
451,9,2,2508.77,2,Champions
452,9,11,2609.16,2,Champions
453,9,15,1254.94,2,Champions
454,9,62,1401.08,0,Loyal Customers
455,9,28,2036.35,0,Loyal Customers
456,9,114,5496.39,0,Loyal Customers
457,9,7,1387.95,2,Champions
458,9,1,2782.02,2,Champions
459,9,3,2226.96,2,Champions
460,9,22,3481.41,2,Champions
461,9,25,2572.38,2,Champions
462,9,14,1300.31,2,Champions
463,9,63,1743.3700000000001,0,Loyal Customers
464,9,10,5395.79,2,Champions
465,9,28,2376.51,2,Champions
466,9,1,1311.64,2,Champions
467,9,29,3132.96,2,Champions
468,9,22,7444.68,2,Champions
469,9,56,97.39999999999999,3,Potential Loyalists
470,9,9,2463.02,2,Champions
471,9,8,4630.16,2,Champions
472,9,46,2161.19,0,Loyal Customers
473,9,9,3598.25,2,Champions
474,9,92,1113.74,0,Loyal Customers
475,9,157,628.32,0,Loyal Customers
476,9,14,3230.45,2,Champions
477,9,10,2646.7400000000002,2,Champions
478,9,4,4369.47,2,Champions
479,9,10,16652.72,2,Champions
480,9,6,2195.14,2,Champions
481,9,9,2011.82,2,Champions
482,9,10,1503.77,2,Champions
483,8,107,2300.01,0,Loyal Customers
484,8,53,2476.25,0,Loyal Customers
485,8,8,2435.67,2,Champions
486,8,99,4057.9,0,Loyal Customers
487,8,35,1764.02,0,Loyal Customers
488,8,102,7553.63,0,Loyal Customers
489,8,0,1992.13,2,Champions
490,8,4,1985.6299999999999,2,Champions
491,8,32,1119.36,0,Loyal Customers
492,8,11,1302.46,2,Champions
493,8,23,3005.9500000000003,2,Champions
494,8,18,3071.36,2,Champions
495,8,8,2169.25,2,Champions
496,8,80,21964.14,2,Champions
497,8,27,5284.97,2,Champions
498,8,22,1417.01,0,Loyal Customers
499,8,20,1142.37,0,Loyal Customers
500,8,0,7111.18,2,Champions
501,8,1,1699.25,2,Champions
502,8,63,3391.52,0,Loyal Customers
503,8,18,2171.13,2,Champions
504,8,25,1631.38,0,Loyal Customers
505,8,14,2756.98,2,Champions
506,8,32,1790.36,0,Loyal Customers
507,8,9,2786.57,2,Champions
508,8,22,4212.65,2,Champions
509,8,4,1913.55,2,Champions
510,8,15,1123.59,0,Loyal Customers
511,8,8,2056.3,2,Champions
512,8,211,4536.64,0,Loyal Customers
513,8,48,5578.5,0,Loyal Customers
514,8,1,9935.93,2,Champions
515,8,29,1896.57,0,Loyal Customers
516,8,63,3810.64,0,Loyal Customers
517,8,57,2853.4900000000002,0,Loyal Customers
518,8,2,1460.92,2,Champions
519,8,0,2871.74,2,Champions
520,8,70,1697.39,0,Loyal Customers
521,8,30,2755.92,0,Loyal Customers
522,8,21,3983.65,2,Champions
523,8,31,3458.35,0,Loyal Customers
524,8,31,2815.17,0,Loyal Customers
525,8,14,4709.2300000000005,2,Champions
526,8,0,4842.28,2,Champions
527,8,84,3084.69,0,Loyal Customers
528,8,1,2326.35,2,Champions
529,8,7,3761.38,2,Champions
530,8,6,1052.14,2,Champions
531,8,18,2005.3400000000001,2,Champions
532,8,28,2553.06,0,Loyal Customers
533,8,2,4134.91,2,Champions
534,8,98,753.53,0,Loyal Customers
535,8,9,1757.98,2,Champions
536,8,44,15874.3,2,Champions
537,8,1,1128.09,2,Champions
538,8,2,2414.18,2,Champions
539,8,1,6460.32,2,Champions
540,8,24,1606.98,0,Loyal Customers
541,8,63,2887.4100000000003,0,Loyal Customers
542,8,178,1604.21,0,Loyal Customers
543,8,25,2310.83,0,Loyal Customers
544,8,3,1932.64,2,Champions
545,8,11,1375.39,2,Champions
546,8,1,3173.9,2,Champions
547,8,52,4501.63,0,Loyal Customers
548,8,9,2270.86,2,Champions
549,8,18,2251.85,2,Champions
550,8,297,181.35,1,Lost Customers
551,8,9,1909.13,2,Champions
552,8,9,3867.2400000000002,2,Champions
553,8,3,2174.13,2,Champions
554,8,2,1968.75,2,Champions
555,8,258,1700.24,0,Loyal Customers
556,8,0,2284.34,2,Champions
557,8,10,3666.9500000000003,2,Champions
558,8,106,7700.55,0,Loyal Customers
559,8,20,1352.35,0,Loyal Customers
560,8,28,2534.74,0,Loyal Customers
561,8,22,2239.1,2,Champions
562,8,182,2984.32,0,Loyal Customers
563,8,3,2703.03,2,Champions
564,8,11,2651.23,2,Champions
565,8,22,3862.19,2,Champions
566,8,10,4912.38,2,Champions
567,8,13,1635.42,2,Champions
568,8,62,4143.05,0,Loyal Customers
569,8,44,3327.29,0,Loyal Customers
570,8,3,1493.1200000000001,2,Champions
571,8,2,2273.95,2,Champions
572,8,56,7021.66,0,Loyal Customers
573,8,1,2685.2,2,Champions
574,8,4,1404.04,2,Champions
575,8,29,2108.21,0,Loyal Customers
576,8,93,509.5,0,Loyal Customers
577,8,2,2535.21,2,Champions
578,8,7,2166.42,2,Champions
579,8,36,1406.3700000000001,0,Loyal Customers
580,8,10,2083.16,2,Champions
581,8,174,1698.56,0,Loyal Customers
582,8,28,1535.7,0,Loyal Customers
583,8,35,4098.04,0,Loyal Customers
584,8,31,2234.86,0,Loyal Customers
585,8,1,2785.1,2,Champions
586,8,44,2712.85,0,Loyal Customers
587,8,29,2776.19,0,Loyal Customers
588,8,52,2136.72,0,Loyal Customers
589,8,87,2542.83,0,Loyal Customers
590,8,2,2422.2000000000003,2,Champions
591,8,0,4220.21,2,Champions
592,7,23,3985.14,2,Champions
593,7,29,1580.3,0,Loyal Customers
594,7,245,8421.47,0,Loyal Customers
595,7,10,2617.33,2,Champions
596,7,17,2748.19,2,Champions
597,7,24,3884.42,2,Champions
598,7,14,1651.23,2,Champions
599,7,100,6951.49,0,Loyal Customers
600,7,41,1540.2,0,Loyal Customers
601,7,55,3260.0,0,Loyal Customers
602,7,1,8821.55,2,Champions
603,7,52,3264.23,0,Loyal Customers
604,7,52,2146.38,0,Loyal Customers
605,7,71,1915.36,0,Loyal Customers
606,7,29,2508.4700000000003,0,Loyal Customers
607,7,27,942.75,0,Loyal Customers
608,7,2,52422.3,2,Champions
609,7,0,1387.4499999999998,2,Champions
610,7,9,2960.73,2,Champions
611,7,29,1947.5,0,Loyal Customers
612,7,87,3040.51,0,Loyal Customers
613,7,20,1363.23,0,Loyal Customers
614,7,23,9384.85,2,Champions
615,7,92,1388.47,0,Loyal Customers
616,7,22,1021.38,0,Loyal Customers
617,7,9,2143.53,2,Champions
618,7,10,2578.91,2,Champions
619,7,2,1766.78,2,Champions
620,7,1,1898.6100000000001,2,Champions
621,7,8,1355.29,2,Champions
622,7,2,1325.8,2,Champions
623,7,1,1429.03,2,Champions
624,7,16,3824.79,2,Champions
625,7,58,896.06,0,Loyal Customers
626,7,15,1359.52,0,Loyal Customers
627,7,14,1615.82,2,Champions
628,7,14,1567.79,2,Champions
629,7,30,2619.65,0,Loyal Customers
630,7,29,1371.77,0,Loyal Customers
631,7,16,1523.35,0,Loyal Customers
632,7,186,2753.52,0,Loyal Customers
633,7,4,2585.2,2,Champions
634,7,15,3629.76,2,Champions
635,7,94,4195.45,0,Loyal Customers
636,7,79,2114.71,0,Loyal Customers
637,7,11,946.83,0,Loyal Customers
638,7,6,2740.91,2,Champions
639,7,21,3417.13,2,Champions
640,7,70,836.88,0,Loyal Customers
641,7,55,1415.81,0,Loyal Customers
642,7,6,1476.3,2,Champions
643,7,34,5854.84,0,Loyal Customers
644,7,15,1494.6,0,Loyal Customers
645,7,122,288.42,0,Loyal Customers
646,7,23,1595.1399999999999,0,Loyal Customers
647,7,177,1896.84,0,Loyal Customers
648,7,269,2282.28,0,Loyal Customers
649,7,46,2912.93,0,Loyal Customers
650,7,119,1888.49,0,Loyal Customers
651,7,10,19543.84,2,Champions
652,7,35,1432.29,0,Loyal Customers
653,7,71,810.08,0,Loyal Customers
654,7,1,1874.83,2,Champions
655,7,1,1411.91,2,Champions
656,7,9,2753.41,2,Champions
657,7,1,2401.07,2,Champions
658,7,52,1269.76,0,Loyal Customers
659,7,32,1747.18,0,Loyal Customers
660,7,53,3203.74,0,Loyal Customers
661,7,85,4009.66,0,Loyal Customers
662,7,13,6211.42,2,Champions
663,7,17,1801.68,0,Loyal Customers
664,7,30,2182.41,0,Loyal Customers
665,7,50,2497.86,0,Loyal Customers
666,7,8,2343.2,2,Champions
667,7,4,1245.91,2,Champions
668,7,88,877.22,0,Loyal Customers
669,7,1,4323.97,2,Champions
670,7,4,1279.6,2,Champions
671,7,7,1751.75,2,Champions
672,7,114,1890.0,0,Loyal Customers
673,7,3,1081.8600000000001,2,Champions
674,7,2,1269.8899999999999,2,Champions
675,7,7,1354.82,2,Champions
676,7,1,1504.26,2,Champions
677,7,80,970.25,0,Loyal Customers
678,7,1,1230.15,2,Champions
679,7,30,1439.72,0,Loyal Customers
680,7,15,1629.35,0,Loyal Customers
681,7,57,1452.8,0,Loyal Customers
682,7,30,2827.05,0,Loyal Customers
683,7,9,1339.89,2,Champions
684,7,28,2136.02,0,Loyal Customers
685,7,65,1369.8600000000001,0,Loyal Customers
686,7,70,3400.33,0,Loyal Customers
687,7,143,2869.16,0,Loyal Customers
688,7,31,1664.08,0,Loyal Customers
689,7,49,1662.45,0,Loyal Customers
690,7,72,3737.38,0,Loyal Customers
691,7,18,2675.8,2,Champions
692,7,30,3103.26,0,Loyal Customers
693,7,109,1900.64,0,Loyal Customers
694,7,38,1656.93,0,Loyal Customers
695,7,116,1892.52,0,Loyal Customers
696,7,46,2633.74,0,Loyal Customers
697,7,22,555.7,0,Loyal Customers
698,7,14,2400.05,2,Champions
699,7,18,3095.95,2,Champions
700,7,2,4308.58,2,Champions
701,7,24,2536.07,0,Loyal Customers
702,7,39,5891.01,0,Loyal Customers
703,7,45,4354.32,0,Loyal Customers
704,7,9,2076.32,2,Champions
705,7,10,2766.73,2,Champions
706,7,21,3537.6,2,Champions
707,7,17,7395.19,2,Champions
708,7,14,2368.34,2,Champions
709,7,14,2268.44,2,Champions
710,7,0,1788.8,2,Champions
711,7,6,1202.77,2,Champions
712,7,2,1360.31,2,Champions
713,7,136,1331.15,0,Loyal Customers
714,7,3,1736.57,2,Champions
715,7,15,994.6,0,Loyal Customers
716,7,48,2485.46,0,Loyal Customers
717,7,29,2354.27,0,Loyal Customers
718,7,91,1999.02,0,Loyal Customers
719,7,0,1212.13,2,Champions
720,7,22,2941.14,0,Loyal Customers
721,7,2,1572.97,2,Champions
722,7,30,1092.06,0,Loyal Customers
723,7,17,2475.32,2,Champions
724,7,6,927.89,2,Champions
725,7,13,2242.19,2,Champions
726,7,13,2417.7799999999997,2,Champions
727,7,38,7246.27,0,Loyal Customers
728,7,9,2898.8,2,Champions
729,7,27,1805.78,0,Loyal Customers
730,7,65,1921.91,0,Loyal Customers
731,7,58,1295.25,0,Loyal Customers
732,7,7,2374.5,2,Champions
733,7,4,2485.89,2,Champions
734,7,48,2300.78,0,Loyal Customers
735,7,2,1718.66,2,Champions
736,7,3,2075.7400000000002,2,Champions
737,7,0,1614.45,2,Champions
738,7,39,4345.66,0,Loyal Customers
739,7,17,1637.33,0,Loyal Customers
740,7,60,2542.79,0,Loyal Customers
741,7,2,1679.8,2,Champions
742,7,16,4191.92,2,Champions
743,7,321,9471.5,0,Loyal Customers
744,7,8,496.26000000000005,3,Potential Loyalists
745,7,31,7062.2,2,Champions
746,7,8,2487.01,2,Champions
747,7,23,2106.8,0,Loyal Customers
748,7,18,5259.3,2,Champions
749,7,37,4512.93,0,Loyal Customers
750,6,44,1838.72,0,Loyal Customers
751,6,20,4960.18,2,Champions
752,6,133,1758.52,0,Loyal Customers
753,6,32,2239.48,0,Loyal Customers
754,6,97,1030.41,0,Loyal Customers
755,6,9,1355.24,2,Champions
756,6,37,782.12,0,Loyal Customers
757,6,44,4168.46,0,Loyal Customers
758,6,13,7575.88,2,Champions
759,6,109,903.87,0,Loyal Customers
760,6,91,1965.72,0,Loyal Customers
761,6,10,1786.78,2,Champions
762,6,10,6450.88,2,Champions
763,6,15,1920.83,0,Loyal Customers
764,6,29,1297.45,0,Loyal Customers
765,6,14,2283.91,2,Champions
766,6,83,1273.16,0,Loyal Customers
767,6,41,2047.14,0,Loyal Customers
768,6,14,906.15,0,Loyal Customers
769,6,6,1591.74,2,Champions
770,6,63,2136.2400000000002,0,Loyal Customers
771,6,22,1884.71,0,Loyal Customers
772,6,71,2100.09,0,Loyal Customers
773,6,15,1048.13,0,Loyal Customers
774,6,0,947.26,2,Champions
775,6,118,1826.78,0,Loyal Customers
776,6,0,6765.07,2,Champions
777,6,29,1243.75,0,Loyal Customers
778,6,31,659.16,0,Loyal Customers
779,6,2,1361.23,2,Champions
780,6,16,1264.14,0,Loyal Customers
781,6,56,4048.98,0,Loyal Customers
782,6,11,456.90000000000003,3,Potential Loyalists
783,6,9,2026.28,2,Champions
784,6,9,1781.56,2,Champions
785,6,71,3389.84,0,Loyal Customers
786,6,8,2129.42,2,Champions
787,6,139,1508.7,0,Loyal Customers
788,6,16,4913.22,2,Champions
789,6,28,1001.01,0,Loyal Customers
790,6,41,2225.04,0,Loyal Customers
791,6,18,1220.48,0,Loyal Customers
792,6,39,1072.97,0,Loyal Customers
793,6,14,1229.95,0,Loyal Customers
794,6,73,3240.14,0,Loyal Customers
795,6,102,2761.2200000000003,0,Loyal Customers
796,6,1,4082.76,2,Champions
797,6,72,2139.0,0,Loyal Customers
798,6,64,7493.77,0,Loyal Customers
799,6,9,7777.84,2,Champions
800,6,6,3285.05,2,Champions
801,6,209,2235.12,0,Loyal Customers
802,6,20,592.56,0,Loyal Customers
803,6,3,3329.39,2,Champions
804,6,16,4191.8,2,Champions
805,6,172,3358.3999999999996,0,Loyal Customers
806,6,11,2174.12,2,Champions
807,6,85,1175.78,0,Loyal Customers
808,6,77,1182.22,0,Loyal Customers
809,6,3,2221.37,2,Champions
810,6,8,3084.58,2,Champions
811,6,42,2177.39,0,Loyal Customers
812,6,32,3819.92,0,Loyal Customers
813,6,32,2206.9700000000003,0,Loyal Customers
814,6,210,1575.68,0,Loyal Customers
815,6,13,815.11,0,Loyal Customers
816,6,80,3022.79,0,Loyal Customers
817,6,2,3127.99,2,Champions
818,6,3,690.83,2,Champions
819,6,55,1397.69,0,Loyal Customers
820,6,24,426.9,0,Loyal Customers
821,6,3,749.8100000000001,2,Champions
822,6,22,1647.17,0,Loyal Customers
823,6,246,740.6700000000001,0,Loyal Customers
824,6,4,3415.38,2,Champions
825,6,9,1525.5800000000002,2,Champions
826,6,20,2854.98,0,Loyal Customers
827,6,69,743.0,0,Loyal Customers
828,6,209,2305.59,0,Loyal Customers
829,6,9,1105.53,0,Loyal Customers
830,6,44,2644.01,0,Loyal Customers
831,6,64,1402.51,0,Loyal Customers
832,6,4,1729.43,2,Champions
833,6,81,2118.7000000000003,0,Loyal Customers
834,6,9,2212.89,2,Champions
835,6,314,2017.2,0,Loyal Customers
836,6,66,2029.34,0,Loyal Customers
837,6,274,429.44,0,Loyal Customers
838,6,13,2265.2,2,Champions
839,6,128,2579.04,0,Loyal Customers
840,6,10,1553.17,2,Champions
841,6,55,2771.18,0,Loyal Customers
842,6,2,2336.0,2,Champions
843,6,1,4892.68,2,Champions
844,6,14,2895.2000000000003,2,Champions
845,6,15,1954.92,0,Loyal Customers
846,6,45,1013.13,0,Loyal Customers
847,6,55,6650.17,0,Loyal Customers
848,6,0,1574.51,2,Champions
849,6,1,2080.0,2,Champions
850,6,3,979.62,2,Champions
851,6,97,299.4,0,Loyal Customers
852,6,14,1574.13,0,Loyal Customers
853,6,77,1961.02,0,Loyal Customers
854,6,60,992.46,0,Loyal Customers
855,6,7,1777.5,2,Champions
856,6,6,1002.9300000000001,2,Champions
857,6,38,2242.81,0,Loyal Customers
858,6,24,4036.77,0,Loyal Customers
859,6,51,1099.81,0,Loyal Customers
860,6,77,1988.84,0,Loyal Customers
861,6,46,13009.61,0,Loyal Customers
862,6,30,1189.3799999999999,0,Loyal Customers
863,6,28,2795.16,0,Loyal Customers
864,6,58,1909.31,0,Loyal Customers
865,6,4,690.3000000000001,2,Champions
866,6,9,1853.7,2,Champions
867,6,135,2310.38,0,Loyal Customers
868,6,3,2533.09,2,Champions
869,6,7,3484.5299999999997,2,Champions
870,6,0,1481.03,2,Champions
871,6,11,1357.95,0,Loyal Customers
872,6,1,2018.6999999999998,2,Champions
873,6,55,1771.04,0,Loyal Customers
874,6,8,863.51,0,Loyal Customers
875,6,9,2287.32,2,Champions
876,6,16,974.95,0,Loyal Customers
877,6,11,1110.78,0,Loyal Customers
878,6,9,797.8499999999999,0,Loyal Customers
879,6,16,817.09,0,Loyal Customers
880,6,25,1906.48,0,Loyal Customers
881,6,18,2455.68,0,Loyal Customers
882,6,2,2408.96,2,Champions
883,6,14,4585.06,2,Champions
884,6,27,7207.89,2,Champions
885,6,6,2535.69,2,Champions
886,6,11,2610.91,2,Champions
887,6,51,1038.03,0,Loyal Customers
888,6,30,3118.39,0,Loyal Customers
889,6,14,1177.72,0,Loyal Customers
890,6,24,1203.53,0,Loyal Customers
891,6,10,879.42,0,Loyal Customers
892,6,107,1404.58,0,Loyal Customers
893,6,10,1066.94,0,Loyal Customers
894,6,2,4381.78,2,Champions
895,6,29,5808.55,0,Loyal Customers
896,6,27,1192.94,0,Loyal Customers
897,6,0,2458.9,2,Champions
898,6,20,1702.98,0,Loyal Customers
899,6,10,5376.2,2,Champions
900,6,57,1552.35,0,Loyal Customers
901,6,6,2907.65,2,Champions
902,6,67,2037.7,0,Loyal Customers
903,6,14,3199.92,2,Champions
904,6,18,2330.94,0,Loyal Customers
905,6,25,884.64,0,Loyal Customers
906,6,20,4195.5,2,Champions
907,6,3,1982.45,2,Champions
908,6,51,3442.7400000000002,0,Loyal Customers
909,6,52,1445.21,0,Loyal Customers
910,6,65,3512.62,0,Loyal Customers
911,6,7,2751.64,2,Champions
912,6,9,2309.01,2,Champions
913,6,0,2511.08,2,Champions
914,6,108,1027.03,0,Loyal Customers
915,6,2,3127.9700000000003,2,Champions
916,6,15,1704.11,0,Loyal Customers
917,6,14,2543.55,2,Champions
918,6,22,2348.94,0,Loyal Customers
919,6,4,2478.94,2,Champions
920,6,29,3078.4,0,Loyal Customers
921,6,55,3309.2599999999998,0,Loyal Customers
922,6,7,2342.57,2,Champions
923,6,28,2510.06,0,Loyal Customers
924,6,21,3957.04,0,Loyal Customers
925,6,15,1461.63,0,Loyal Customers
926,6,30,2129.45,0,Loyal Customers
927,6,28,1741.4,0,Loyal Customers
928,6,16,5115.08,2,Champions
929,6,23,913.11,0,Loyal Customers
930,6,17,619.37,0,Loyal Customers
931,6,99,2059.67,0,Loyal Customers
932,6,53,2431.28,0,Loyal Customers
933,6,36,897.52,0,Loyal Customers
934,6,9,1897.69,2,Champions
935,6,2,1743.6,2,Champions
936,6,21,1778.79,0,Loyal Customers
937,6,81,3374.2200000000003,0,Loyal Customers
938,6,86,2919.44,0,Loyal Customers
939,6,1,1874.68,2,Champions
940,6,60,2563.36,0,Loyal Customers
941,5,99,2285.18,0,Loyal Customers
942,5,29,1616.48,0,Loyal Customers
943,5,22,1376.05,0,Loyal Customers
944,5,35,1570.81,0,Loyal Customers
945,5,30,977.5600000000001,0,Loyal Customers
946,5,76,1518.81,0,Loyal Customers
947,5,22,881.24,0,Loyal Customers
948,5,1,860.11,2,Champions
949,5,128,726.89,0,Loyal Customers
950,5,1,1304.88,2,Champions
951,5,275,1016.47,0,Loyal Customers
952,5,17,946.72,0,Loyal Customers
953,5,65,1190.82,0,Loyal Customers
954,5,15,1805.32,0,Loyal Customers
955,5,43,734.57,0,Loyal Customers
956,5,11,1285.04,0,Loyal Customers
957,5,98,2333.3199999999997,0,Loyal Customers
958,5,15,3600.67,0,Loyal Customers
959,5,48,1511.7,0,Loyal Customers
960,5,77,2478.731,0,Loyal Customers
961,5,109,5874.65,0,Loyal Customers
962,5,27,994.23,0,Loyal Customers
963,5,81,1263.7,0,Loyal Customers
964,5,8,1323.47,0,Loyal Customers
965,5,45,2121.18,0,Loyal Customers
966,5,35,1744.61,0,Loyal Customers
967,5,226,865.49,0,Loyal Customers
968,5,87,1039.8500000000001,0,Loyal Customers
969,5,65,2577.54,0,Loyal Customers
970,5,37,2095.0,0,Loyal Customers
971,5,16,1298.99,0,Loyal Customers
972,5,36,3038.85,0,Loyal Customers
973,5,44,1786.57,0,Loyal Customers
974,5,56,1246.95,0,Loyal Customers
975,5,77,1810.82,0,Loyal Customers
976,5,15,767.47,0,Loyal Customers
977,5,30,2849.52,0,Loyal Customers
978,5,8,1320.1,0,Loyal Customers
979,5,60,2022.67,0,Loyal Customers
980,5,16,550.5699999999999,3,Potential Loyalists
981,5,4,1134.85,2,Champions
982,5,14,1522.27,0,Loyal Customers
983,5,326,6798.72,0,Loyal Customers
984,5,31,1822.28,0,Loyal Customers
985,5,1,1254.72,2,Champions
986,5,53,2298.93,0,Loyal Customers
987,5,104,2215.78,0,Loyal Customers
988,5,90,1364.59,0,Loyal Customers
989,5,3,3548.34,2,Champions
990,5,35,1285.3300000000002,0,Loyal Customers
991,5,8,3186.01,2,Champions
992,5,114,1642.39,0,Loyal Customers
993,5,3,972.28,2,Champions
994,5,29,2422.96,0,Loyal Customers
995,5,1,1847.59,2,Champions
996,5,80,16286.75,0,Loyal Customers
997,5,35,540.35,0,Loyal Customers
998,5,25,2207.74,0,Loyal Customers
999,5,56,652.7,0,Loyal Customers
1000,5,8,738.57,3,Potential Loyalists
1001,5,0,1723.45,2,Champions
1002,5,17,1496.6,0,Loyal Customers
1003,5,86,3478.09,0,Loyal Customers
1004,5,11,1702.1399999999999,0,Loyal Customers
1005,5,53,1017.54,0,Loyal Customers
1006,5,72,1647.74,0,Loyal Customers
1007,5,190,658.02,0,Loyal Customers
1008,5,58,1170.1100000000001,0,Loyal Customers
1009,5,35,1977.39,0,Loyal Customers
1010,5,168,3094.37,0,Loyal Customers
1011,5,49,852.53,0,Loyal Customers
1012,5,21,1518.35,0,Loyal Customers
1013,5,88,530.18,0,Loyal Customers
1014,5,13,1433.96,0,Loyal Customers
1015,5,66,1610.71,0,Loyal Customers
1016,5,13,3813.0800000000004,2,Champions
1017,5,29,535.65,0,Loyal Customers
1018,5,52,11364.08,0,Loyal Customers
1019,5,8,1142.47,0,Loyal Customers
1020,5,9,545.05,3,Potential Loyalists
1021,5,1,7205.39,2,Champions
1022,5,0,3735.51,2,Champions
1023,5,0,975.63,2,Champions
1024,5,148,1666.41,0,Loyal Customers
1025,5,129,1205.64,0,Loyal Customers
1026,5,71,1572.8600000000001,0,Loyal Customers
1027,5,58,705.11,0,Loyal Customers
1028,5,78,927.61,0,Loyal Customers
1029,5,91,1769.33,0,Loyal Customers
1030,5,59,401.64,0,Loyal Customers
1031,5,109,2146.39,0,Loyal Customers
1032,5,16,2878.46,0,Loyal Customers
1033,5,28,1390.23,0,Loyal Customers
1034,5,0,1036.21,2,Champions
1035,5,24,1739.92,0,Loyal Customers
1036,5,49,1386.1200000000001,0,Loyal Customers
1037,5,0,1992.98,2,Champions
1038,5,16,796.9,0,Loyal Customers
1039,5,149,2617.9,0,Loyal Customers
1040,5,17,2248.6,0,Loyal Customers
1041,5,49,1416.96,0,Loyal Customers
1042,5,15,1130.28,0,Loyal Customers
1043,5,29,951.76,0,Loyal Customers
1044,5,15,2445.79,0,Loyal Customers
1045,5,7,925.3,3,Potential Loyalists
1046,5,73,3354.0,0,Loyal Customers
1047,5,113,5995.69,0,Loyal Customers
1048,5,15,2806.0,0,Loyal Customers
1049,5,92,1993.18,0,Loyal Customers
1050,5,55,3588.34,0,Loyal Customers
1051,5,31,2252.93,0,Loyal Customers
1052,5,9,1137.42,0,Loyal Customers
1053,5,44,3946.14,0,Loyal Customers
1054,5,72,1468.8000000000002,0,Loyal Customers
1055,5,48,3721.45,0,Loyal Customers
1056,5,81,1161.89,0,Loyal Customers
1057,5,50,2096.98,0,Loyal Customers
1058,5,55,2162.93,0,Loyal Customers
1059,5,46,691.86,0,Loyal Customers
1060,5,14,1955.0,0,Loyal Customers
1061,5,21,2004.6200000000001,0,Loyal Customers
1062,5,14,1554.92,0,Loyal Customers
1063,5,6,1825.56,2,Champions
1064,5,38,1655.64,0,Loyal Customers
1065,5,71,2229.72,0,Loyal Customers
1066,5,25,741.11,0,Loyal Customers
1067,5,35,3334.82,0,Loyal Customers
1068,5,8,1055.05,0,Loyal Customers
1069,5,32,2060.1,0,Loyal Customers
1070,5,8,631.34,3,Potential Loyalists
1071,5,7,1596.71,2,Champions
1072,5,14,2057.77,0,Loyal Customers
1073,5,18,940.69,0,Loyal Customers
1074,5,13,1848.8600000000001,0,Loyal Customers
1075,5,36,1943.51,0,Loyal Customers
1076,5,18,649.32,0,Loyal Customers
1077,5,25,2704.62,0,Loyal Customers
1078,5,42,3292.84,0,Loyal Customers
1079,5,3,1110.2,2,Champions
1080,5,30,1191.44,0,Loyal Customers
1081,5,140,2956.56,0,Loyal Customers
1082,5,4,3006.08,2,Champions
1083,5,17,1574.3300000000002,0,Loyal Customers
1084,5,39,1405.92,0,Loyal Customers
1085,5,11,1037.43,0,Loyal Customers
1086,5,2,1171.89,2,Champions
1087,5,11,977.3,0,Loyal Customers
1088,5,7,1555.4,2,Champions
1089,5,49,3777.2,0,Loyal Customers
1090,5,28,1802.02,0,Loyal Customers
1091,5,15,856.1999999999999,0,Loyal Customers
1092,5,92,1706.99,0,Loyal Customers
1093,5,7,1152.63,0,Loyal Customers
1094,5,20,2502.82,0,Loyal Customers
1095,5,98,1593.34,0,Loyal Customers
1096,5,51,1184.6,0,Loyal Customers
1097,5,8,1357.56,0,Loyal Customers
1098,5,28,392.13,3,Potential Loyalists
1099,5,3,1200.15,2,Champions
1100,5,0,1744.96,2,Champions
1101,5,15,1029.1,0,Loyal Customers
1102,5,35,3765.2,0,Loyal Customers
1103,5,21,921.5,0,Loyal Customers
1104,5,0,722.0500000000001,2,Champions
1105,5,176,4689.43,0,Loyal Customers
1106,5,0,873.34,2,Champions
1107,5,3,1696.64,2,Champions
1108,5,7,1731.16,2,Champions
1109,5,13,1751.89,0,Loyal Customers
1110,5,16,990.5,0,Loyal Customers
1111,5,6,1169.6100000000001,2,Champions
1112,5,4,1748.15,2,Champions
1113,5,14,2721.48,0,Loyal Customers
1114,5,25,1483.83,0,Loyal Customers
1115,5,18,1222.04,0,Loyal Customers
1116,5,85,3377.78,0,Loyal Customers
1117,5,16,4283.68,2,Champions
1118,5,4,2506.54,2,Champions
1119,5,10,1462.95,0,Loyal Customers
1120,5,17,1421.3,0,Loyal Customers
1121,5,17,1583.28,0,Loyal Customers
1122,5,44,3125.0,0,Loyal Customers
1123,5,57,1370.34,0,Loyal Customers
1124,5,13,1478.7,0,Loyal Customers
1125,5,8,2075.31,2,Champions
1126,5,109,9730.09,0,Loyal Customers
1127,5,63,1155.0300000000002,0,Loyal Customers
1128,5,14,2271.35,0,Loyal Customers
1129,5,62,1950.4,0,Loyal Customers
1130,5,14,669.91,0,Loyal Customers
1131,5,9,3940.13,2,Champions
1132,5,38,1281.83,0,Loyal Customers
1133,5,16,1635.64,0,Loyal Customers
1134,5,162,640.76,0,Loyal Customers
1135,5,87,1485.36,0,Loyal Customers
1136,5,3,1239.11,2,Champions
1137,5,112,1250.86,0,Loyal Customers
1138,5,49,3017.75,0,Loyal Customers
1139,5,25,831.98,0,Loyal Customers
1140,5,163,838.27,0,Loyal Customers
1141,5,42,644.52,0,Loyal Customers
1142,5,11,922.59,0,Loyal Customers
1143,5,10,3318.35,2,Champions
1144,5,94,7111.650000000001,0,Loyal Customers
1145,5,35,711.8100000000001,0,Loyal Customers
1146,5,11,1066.3,0,Loyal Customers
1147,5,232,731.2,0,Loyal Customers
1148,5,156,1585.5,0,Loyal Customers
1149,5,1,1378.16,2,Champions
1150,5,52,2600.46,0,Loyal Customers
1151,5,91,2841.07,0,Loyal Customers
1152,5,23,3472.9900000000002,0,Loyal Customers
1153,5,21,3489.3,0,Loyal Customers
1154,5,35,868.33,0,Loyal Customers
1155,5,62,1550.63,0,Loyal Customers
1156,5,53,4456.58,0,Loyal Customers
1157,5,77,6879.8,0,Loyal Customers
1158,5,16,1615.39,0,Loyal Customers
1159,5,29,963.49,0,Loyal Customers
1160,5,18,4893.81,0,Loyal Customers
1161,5,175,1511.94,0,Loyal Customers
1162,5,43,1511.7,0,Loyal Customers
1163,5,16,2135.0,0,Loyal Customers
1164,5,17,1671.1399999999999,0,Loyal Customers
1165,5,14,2547.28,0,Loyal Customers
1166,5,22,506.67,0,Loyal Customers
1167,5,73,3188.2000000000003,0,Loyal Customers
1168,5,27,1031.3,0,Loyal Customers
1169,5,27,567.71,0,Loyal Customers
1170,5,11,731.38,3,Potential Loyalists
1171,5,111,1019.16,0,Loyal Customers
1172,5,20,1965.52,0,Loyal Customers
1173,5,4,2182.46,2,Champions
1174,5,183,1015.42,0,Loyal Customers
1175,5,27,1320.66,0,Loyal Customers
1176,5,226,1464.73,0,Loyal Customers
1177,5,14,1590.83,0,Loyal Customers
1178,5,1,1979.6000000000001,2,Champions
1179,4,50,913.9,0,Loyal Customers
1180,4,80,1372.72,0,Loyal Customers
1181,4,1,2062.2000000000003,2,Champions
1182,4,31,1269.0900000000001,0,Loyal Customers
1183,4,32,1069.67,0,Loyal Customers
1184,4,3,664.66,3,Potential Loyalists
1185,4,39,941.88,0,Loyal Customers
1186,4,55,1226.09,0,Loyal Customers
1187,4,105,1206.0,0,Loyal Customers
1188,4,4,1068.05,3,Potential Loyalists
1189,4,79,2346.19,0,Loyal Customers
1190,4,41,1366.73,0,Loyal Customers
1191,4,113,689.75,0,Loyal Customers
1192,4,4,1072.0,3,Potential Loyalists
1193,4,147,1182.3799999999999,0,Loyal Customers
1194,4,46,514.14,0,Loyal Customers
1195,4,245,797.96,0,Loyal Customers
1196,4,244,1388.81,0,Loyal Customers
1197,4,15,1290.03,0,Loyal Customers
1198,4,63,1079.29,0,Loyal Customers
1199,4,14,614.27,3,Potential Loyalists
1200,4,30,3475.7200000000003,0,Loyal Customers
1201,4,30,13151.44,0,Loyal Customers
1202,4,80,3413.09,0,Loyal Customers
1203,4,9,548.22,3,Potential Loyalists
1204,4,34,1467.48,0,Loyal Customers
1205,4,55,12346.619999999999,0,Loyal Customers
1206,4,22,1203.77,0,Loyal Customers
1207,4,17,1211.75,0,Loyal Customers
1208,4,55,938.02,0,Loyal Customers
1209,4,1,1162.0,2,Champions
1210,4,4,1770.23,2,Champions
1211,4,28,1687.49,0,Loyal Customers
1212,4,42,1468.82,0,Loyal Customers
1213,4,4,1180.68,3,Potential Loyalists
1214,4,162,337.71000000000004,1,Lost Customers
1215,4,31,6096.04,0,Loyal Customers
1216,4,27,999.51,0,Loyal Customers
1217,4,11,766.87,3,Potential Loyalists
1218,4,84,509.01,0,Loyal Customers
1219,4,10,244.37,3,Potential Loyalists
1220,4,106,643.16,0,Loyal Customers
1221,4,83,2174.07,0,Loyal Customers
1222,4,8,640.34,3,Potential Loyalists
1223,4,48,1070.08,0,Loyal Customers
1224,4,35,1941.1200000000001,0,Loyal Customers
1225,4,39,1269.05,0,Loyal Customers
1226,4,35,2233.8,0,Loyal Customers
1227,4,211,1033.81,0,Loyal Customers
1228,4,150,1160.41,0,Loyal Customers
1229,4,7,620.85,3,Potential Loyalists
1230,4,0,1159.99,2,Champions
1231,4,13,788.46,3,Potential Loyalists
1232,4,43,4722.6,0,Loyal Customers
1233,4,9,1084.68,3,Potential Loyalists
1234,4,20,894.53,0,Loyal Customers
1235,4,45,1002.35,0,Loyal Customers
1236,4,100,5373.5,0,Loyal Customers
1237,4,91,340.6,0,Loyal Customers
1238,4,24,2168.27,0,Loyal Customers
1239,4,15,2209.98,0,Loyal Customers
1240,4,63,1199.31,0,Loyal Customers
1241,4,72,3147.36,0,Loyal Customers
1242,4,136,658.3199999999999,0,Loyal Customers
1243,4,43,705.45,0,Loyal Customers
1244,4,18,1133.8,0,Loyal Customers
1245,4,28,1198.9,0,Loyal Customers
1246,4,28,1675.81,0,Loyal Customers
1247,4,32,913.05,0,Loyal Customers
1248,4,3,717.39,3,Potential Loyalists
1249,4,233,701.96,0,Loyal Customers
1250,4,8,590.4399999999999,3,Potential Loyalists
1251,4,163,1234.48,0,Loyal Customers
1252,4,107,784.17,0,Loyal Customers
1253,4,182,1028.66,0,Loyal Customers
1254,4,22,1068.2,0,Loyal Customers
1255,4,85,2240.9,0,Loyal Customers
1256,4,48,574.23,0,Loyal Customers
1257,4,18,3386.33,0,Loyal Customers
1258,4,4,579.67,3,Potential Loyalists
1259,4,218,1131.45,0,Loyal Customers
1260,4,56,456.70000000000005,0,Loyal Customers
1261,4,7,1399.3700000000001,3,Potential Loyalists
1262,4,58,1597.76,0,Loyal Customers
1263,4,45,1254.41,0,Loyal Customers
1264,4,28,450.85,3,Potential Loyalists
1265,4,1,826.91,3,Potential Loyalists
1266,4,190,596.09,0,Loyal Customers
1267,4,115,457.96000000000004,0,Loyal Customers
1268,4,97,757.24,0,Loyal Customers
1269,4,183,262.64,1,Lost Customers
1270,4,3,405.48,3,Potential Loyalists
1271,4,78,678.77,0,Loyal Customers
1272,4,49,1410.68,0,Loyal Customers
1273,4,21,2225.94,0,Loyal Customers
1274,4,146,577.8900000000001,0,Loyal Customers
1275,4,63,1164.59,0,Loyal Customers
1276,4,25,2528.9,0,Loyal Customers
1277,4,9,1347.54,0,Loyal Customers
1278,4,15,1858.04,0,Loyal Customers
1279,4,6,6725.18,2,Champions
1280,4,16,556.87,3,Potential Loyalists
1281,4,4,661.04,3,Potential Loyalists
1282,4,22,1210.83,0,Loyal Customers
1283,4,99,382.06,0,Loyal Customers
1284,4,39,616.79,0,Loyal Customers
1285,4,44,3867.5,0,Loyal Customers
1286,4,74,568.68,0,Loyal Customers
1287,4,99,711.7,0,Loyal Customers
1288,4,129,3196.11,0,Loyal Customers
1289,4,21,1607.06,0,Loyal Customers
1290,4,128,954.59,0,Loyal Customers
1291,4,66,1553.65,0,Loyal Customers
1292,4,23,1058.1399999999999,0,Loyal Customers
1293,4,134,313.91999999999996,1,Lost Customers
1294,4,39,1137.8,0,Loyal Customers
1295,4,105,533.56,0,Loyal Customers
1296,4,3,1626.61,2,Champions
1297,4,69,2031.07,0,Loyal Customers
1298,4,74,1603.6,0,Loyal Customers
1299,4,11,771.87,3,Potential Loyalists
1300,4,91,1222.28,0,Loyal Customers
1301,4,129,1393.56,0,Loyal Customers
1302,4,9,1451.66,0,Loyal Customers
1303,4,104,515.0,0,Loyal Customers
1304,4,45,1266.77,0,Loyal Customers
1305,4,125,4144.82,0,Loyal Customers
1306,4,91,330.23,0,Loyal Customers
1307,4,0,646.27,3,Potential Loyalists
1308,4,241,407.07,1,Lost Customers
1309,4,86,335.99,0,Loyal Customers
1310,4,133,1573.1299999999999,0,Loyal Customers
1311,4,7,1253.78,3,Potential Loyalists
1312,4,17,1198.09,0,Loyal Customers
1313,4,59,1257.18,0,Loyal Customers
1314,4,42,982.94,0,Loyal Customers
1315,4,62,1555.83,0,Loyal Customers
1316,4,1,980.91,3,Potential Loyalists
1317,4,52,1333.7,0,Loyal Customers
1318,4,14,1494.87,0,Loyal Customers
1319,4,9,410.95,3,Potential Loyalists
1320,4,36,746.56,0,Loyal Customers
1321,4,23,758.97,0,Loyal Customers
1322,4,25,4273.79,0,Loyal Customers
1323,4,65,1103.35,0,Loyal Customers
1324,4,14,1082.6000000000001,0,Loyal Customers
1325,4,51,2094.23,0,Loyal Customers
1326,4,8,818.7900000000001,3,Potential Loyalists
1327,4,48,2122.89,0,Loyal Customers
1328,4,28,1239.27,0,Loyal Customers
1329,4,66,1773.97,0,Loyal Customers
1330,4,44,1774.16,0,Loyal Customers
1331,4,32,892.92,0,Loyal Customers
1332,4,1,1637.14,2,Champions
1333,4,11,1232.95,0,Loyal Customers
1334,4,48,3449.79,0,Loyal Customers
1335,4,13,2280.91,0,Loyal Customers
1336,4,44,1764.12,0,Loyal Customers
1337,4,81,3958.5,0,Loyal Customers
1338,4,15,2854.73,0,Loyal Customers
1339,4,38,1046.84,0,Loyal Customers
1340,4,52,841.3,0,Loyal Customers
1341,4,73,2049.23,0,Loyal Customers
1342,4,14,1709.83,0,Loyal Customers
1343,4,78,1770.0,0,Loyal Customers
1344,4,36,1021.4,0,Loyal Customers
1345,4,23,2845.7,0,Loyal Customers
1346,4,25,1563.03,0,Loyal Customers
1347,4,31,1699.35,0,Loyal Customers
1348,4,53,1439.72,0,Loyal Customers
1349,4,57,633.02,0,Loyal Customers
1350,4,81,1271.68,0,Loyal Customers
1351,4,102,4067.12,0,Loyal Customers
1352,4,98,628.4399999999999,0,Loyal Customers
1353,4,70,1895.19,0,Loyal Customers
1354,4,15,1230.42,0,Loyal Customers
1355,4,23,2056.69,0,Loyal Customers
1356,4,57,987.48,0,Loyal Customers
1357,4,72,1265.1299999999999,0,Loyal Customers
1358,4,86,429.0,0,Loyal Customers
1359,4,84,635.26,0,Loyal Customers
1360,4,126,1237.2,0,Loyal Customers
1361,4,148,1374.41,0,Loyal Customers
1362,4,39,3851.0099999999998,0,Loyal Customers
1363,4,73,2196.71,0,Loyal Customers
1364,4,86,1445.47,0,Loyal Customers
1365,4,252,1176.84,0,Loyal Customers
1366,4,56,1079.66,0,Loyal Customers
1367,4,13,1058.0800000000002,0,Loyal Customers
1368,4,14,1183.39,0,Loyal Customers
1369,4,9,470.16,3,Potential Loyalists
1370,4,170,1646.6399999999999,0,Loyal Customers
1371,4,137,1233.06,0,Loyal Customers
1372,4,35,2023.91,0,Loyal Customers
1373,4,58,805.9200000000001,0,Loyal Customers
1374,4,16,1857.26,0,Loyal Customers
1375,4,164,1648.7,0,Loyal Customers
1376,4,79,1034.32,0,Loyal Customers
1377,4,6,2266.76,2,Champions
1378,4,64,474.1,0,Loyal Customers
1379,4,30,1040.85,0,Loyal Customers
1380,4,14,1074.47,0,Loyal Customers
1381,4,10,1186.4,0,Loyal Customers
1382,4,17,1078.0,0,Loyal Customers
1383,4,17,1884.16,0,Loyal Customers
1384,4,56,2052.69,0,Loyal Customers
1385,4,7,995.29,3,Potential Loyalists
1386,4,27,2567.64,0,Loyal Customers
1387,4,11,864.48,3,Potential Loyalists
1388,4,4,1680.2,2,Champions
1389,4,4,888.91,3,Potential Loyalists
1390,4,50,1232.02,0,Loyal Customers
1391,4,22,1170.0,0,Loyal Customers
1392,4,8,485.6,3,Potential Loyalists
1393,4,94,4037.77,0,Loyal Customers
1394,4,34,2806.48,0,Loyal Customers
1395,4,66,992.41,0,Loyal Customers
1396,4,18,1011.7,0,Loyal Customers
1397,4,7,805.0,3,Potential Loyalists
1398,4,88,4590.53,0,Loyal Customers
1399,4,99,1957.7,0,Loyal Customers
1400,4,15,951.51,0,Loyal Customers
1401,4,261,1313.67,0,Loyal Customers
1402,4,32,487.5,0,Loyal Customers
1403,4,53,2240.47,0,Loyal Customers
1404,4,71,1111.15,0,Loyal Customers
1405,4,62,1664.92,0,Loyal Customers
1406,4,59,373.46999999999997,0,Loyal Customers
1407,4,66,417.21000000000004,0,Loyal Customers
1408,4,55,3517.69,0,Loyal Customers
1409,4,143,6695.6900000000005,0,Loyal Customers
1410,4,2,6579.26,2,Champions
1411,4,60,1056.42,0,Loyal Customers
1412,4,14,1227.54,0,Loyal Customers
1413,4,72,1285.69,0,Loyal Customers
1414,4,15,674.16,3,Potential Loyalists
1415,4,189,768.25,0,Loyal Customers
1416,4,60,1766.27,0,Loyal Customers
1417,4,22,1405.5,0,Loyal Customers
1418,4,58,1471.52,0,Loyal Customers
1419,4,30,788.1,0,Loyal Customers
1420,4,35,1052.26,0,Loyal Customers
1421,4,24,681.97,0,Loyal Customers
1422,4,28,457.2,3,Potential Loyalists
1423,4,41,593.5,0,Loyal Customers
1424,4,60,909.88,0,Loyal Customers
1425,4,29,1008.05,0,Loyal Customers
1426,4,98,444.9,0,Loyal Customers
1427,4,25,1050.8,0,Loyal Customers
1428,4,78,6781.8,0,Loyal Customers
1429,4,106,1503.2400000000002,0,Loyal Customers
1430,4,267,23297.66,0,Loyal Customers
1431,4,77,958.0699999999999,0,Loyal Customers
1432,4,67,1923.54,0,Loyal Customers
1433,4,11,1217.6,0,Loyal Customers
1434,4,137,881.52,0,Loyal Customers
1435,4,228,2165.76,0,Loyal Customers
1436,4,57,785.37,0,Loyal Customers
1437,4,146,1378.74,0,Loyal Customers
1438,4,16,1053.74,0,Loyal Customers
1439,4,22,356.71,3,Potential Loyalists
1440,4,23,2004.01,0,Loyal Customers
1441,4,147,1656.26,0,Loyal Customers
1442,4,27,2181.71,0,Loyal Customers
1443,4,3,1695.15,2,Champions
1444,4,98,1275.81,0,Loyal Customers
1445,4,66,1774.68,0,Loyal Customers
1446,4,37,730.7,0,Loyal Customers
1447,4,154,376.70000000000005,1,Lost Customers
1448,4,7,4819.32,2,Champions
1449,4,58,1315.0,0,Loyal Customers
1450,4,0,1427.57,2,Champions
1451,4,122,1542.09,0,Loyal Customers
1452,4,63,542.49,0,Loyal Customers
1453,4,266,1331.03,0,Loyal Customers
1454,4,21,1361.28,0,Loyal Customers
1455,4,11,1397.59,0,Loyal Customers
1456,4,140,1629.79,0,Loyal Customers
1457,4,93,913.46,0,Loyal Customers
1458,4,23,836.3,0,Loyal Customers
1459,4,123,757.72,0,Loyal Customers
1460,4,16,1026.98,0,Loyal Customers
1461,4,6,798.03,3,Potential Loyalists
1462,4,53,727.58,0,Loyal Customers
1463,4,147,3120.91,0,Loyal Customers
1464,4,183,1923.99,0,Loyal Customers
1465,4,16,2032.18,0,Loyal Customers
1466,4,196,1654.72,0,Loyal Customers
1467,4,17,1276.66,0,Loyal Customers
1468,4,18,871.14,0,Loyal Customers
1469,4,16,1434.95,0,Loyal Customers
1470,4,70,2878.96,0,Loyal Customers
1471,4,67,617.72,0,Loyal Customers
1472,4,9,1043.57,3,Potential Loyalists
1473,4,7,612.84,3,Potential Loyalists
1474,4,71,2581.6,0,Loyal Customers
1475,4,65,1248.09,0,Loyal Customers
1476,4,63,1482.6,0,Loyal Customers
1477,4,175,932.76,0,Loyal Customers
1478,4,24,1579.97,0,Loyal Customers
1479,4,57,1320.95,0,Loyal Customers
1480,4,73,3802.04,0,Loyal Customers
1481,4,219,1010.73,0,Loyal Customers
1482,4,85,799.13,0,Loyal Customers
1483,4,72,2124.46,0,Loyal Customers
1484,4,44,1541.98,0,Loyal Customers
1485,4,52,546.0,0,Loyal Customers
1486,4,80,844.87,0,Loyal Customers
1487,4,29,884.02,0,Loyal Customers
1488,4,50,1110.83,0,Loyal Customers
1489,4,35,533.41,0,Loyal Customers
1490,4,14,1217.45,0,Loyal Customers
1491,4,63,1462.81,0,Loyal Customers
1492,4,67,812.74,0,Loyal Customers
1493,4,102,1389.25,0,Loyal Customers
1494,4,16,1364.68,0,Loyal Customers
1495,4,30,660.48,0,Loyal Customers
1496,4,29,2728.18,0,Loyal Customers
1497,4,16,385.46000000000004,3,Potential Loyalists
1498,4,14,645.19,3,Potential Loyalists
1499,4,9,921.5600000000001,3,Potential Loyalists
1500,4,53,2481.2,0,Loyal Customers
1501,4,58,905.96,0,Loyal Customers
1502,4,268,1957.54,0,Loyal Customers
1503,4,162,1398.61,0,Loyal Customers
1504,4,41,3448.38,0,Loyal Customers
1505,4,79,1264.05,0,Loyal Customers
1506,4,72,1146.33,0,Loyal Customers
1507,4,37,828.21,0,Loyal Customers
1508,4,27,853.49,0,Loyal Customers
1509,4,22,1367.6,0,Loyal Customers
1510,4,8,1152.87,3,Potential Loyalists
1511,4,30,496.0,3,Potential Loyalists
1512,4,51,2093.46,0,Loyal Customers
1513,4,32,5255.24,0,Loyal Customers
1514,4,0,645.8100000000001,3,Potential Loyalists
1515,4,48,1322.07,0,Loyal Customers
1516,4,48,1161.2,0,Loyal Customers
1517,4,11,784.73,3,Potential Loyalists
1518,4,32,1017.53,0,Loyal Customers
1519,4,28,993.44,0,Loyal Customers
1520,4,78,1077.82,0,Loyal Customers
1521,4,18,1152.1100000000001,0,Loyal Customers
1522,4,13,2393.5,0,Loyal Customers
1523,4,10,858.47,3,Potential Loyalists
1524,4,56,705.1,0,Loyal Customers
1525,4,11,788.88,3,Potential Loyalists
1526,4,146,1212.21,0,Loyal Customers
1527,4,50,588.22,0,Loyal Customers
1528,4,46,959.33,0,Loyal Customers
1529,4,16,1991.49,0,Loyal Customers
1530,4,46,1523.97,0,Loyal Customers
1531,4,73,900.63,0,Loyal Customers
1532,4,56,1904.93,0,Loyal Customers
1533,4,182,662.33,0,Loyal Customers
1534,4,52,2722.34,0,Loyal Customers
1535,4,135,1310.3400000000001,0,Loyal Customers
1536,4,230,773.8800000000001,0,Loyal Customers
1537,4,44,1066.03,0,Loyal Customers
1538,4,97,548.73,0,Loyal Customers
1539,4,64,433.75,0,Loyal Customers
1540,4,3,790.74,3,Potential Loyalists
1541,4,17,986.22,0,Loyal Customers
1542,4,14,1318.3899999999999,0,Loyal Customers
1543,4,11,904.6,3,Potential Loyalists
1544,4,42,1516.65,0,Loyal Customers
1545,4,9,1293.3500000000001,0,Loyal Customers
1546,4,72,1933.15,0,Loyal Customers
1547,4,35,821.49,0,Loyal Customers
1548,4,6,2048.64,2,Champions
1549,4,70,976.8100000000001,0,Loyal Customers
1550,4,130,601.92,0,Loyal Customers
1551,4,14,732.91,3,Potential Loyalists
1552,4,85,1309.01,0,Loyal Customers
1553,4,196,496.15999999999997,0,Loyal Customers
1554,4,84,741.09,0,Loyal Customers
1555,4,165,1780.34,0,Loyal Customers
1556,4,81,2262.52,0,Loyal Customers
1557,4,17,2345.71,0,Loyal Customers
1558,3,24,891.02,0,Loyal Customers
1559,3,183,1307.4,0,Loyal Customers
1560,3,16,332.1,3,Potential Loyalists
1561,3,84,961.1,0,Loyal Customers
1562,3,165,684.54,0,Loyal Customers
1563,3,29,491.17,3,Potential Loyalists
1564,3,113,961.9000000000001,0,Loyal Customers
1565,3,51,683.9200000000001,0,Loyal Customers
1566,3,43,377.71,3,Potential Loyalists
1567,3,29,797.9,0,Loyal Customers
1568,3,38,1136.89,0,Loyal Customers
1569,3,56,1362.63,0,Loyal Customers
1570,3,134,767.91,0,Loyal Customers
1571,3,23,533.41,3,Potential Loyalists
1572,3,8,955.8000000000001,3,Potential Loyalists
1573,3,62,1723.04,0,Loyal Customers
1574,3,185,10396.5,0,Loyal Customers
1575,3,16,1253.18,0,Loyal Customers
1576,3,65,1293.72,0,Loyal Customers
1577,3,46,1893.93,0,Loyal Customers
1578,3,197,434.6,1,Lost Customers
1579,3,25,148.33,3,Potential Loyalists
1580,3,14,369.34000000000003,3,Potential Loyalists
1581,3,69,831.76,0,Loyal Customers
1582,3,2,497.74,3,Potential Loyalists
1583,3,98,588.05,0,Loyal Customers
1584,3,0,937.07,3,Potential Loyalists
1585,3,9,431.11,3,Potential Loyalists
1586,3,87,1610.62,0,Loyal Customers
1587,3,319,413.82,1,Lost Customers
1588,3,25,772.83,3,Potential Loyalists
1589,3,13,1051.71,3,Potential Loyalists
1590,3,77,881.59,0,Loyal Customers
1591,3,231,815.69,0,Loyal Customers
1592,3,289,655.5,1,Lost Customers
1593,3,206,323.86,1,Lost Customers
1594,3,4,629.4,3,Potential Loyalists
1595,3,32,947.98,0,Loyal Customers
1596,3,111,285.41,1,Lost Customers
1597,3,137,1306.96,0,Loyal Customers
1598,3,3,496.26,3,Potential Loyalists
1599,3,63,851.33,0,Loyal Customers
1600,3,29,384.56,3,Potential Loyalists
1601,3,52,2660.0,0,Loyal Customers
1602,3,29,504.44,3,Potential Loyalists
1603,3,18,673.33,3,Potential Loyalists
1604,3,4,1256.6000000000001,3,Potential Loyalists
1605,3,11,554.87,3,Potential Loyalists
1606,3,10,979.85,3,Potential Loyalists
1607,3,71,332.42,1,Lost Customers
1608,3,17,666.6500000000001,3,Potential Loyalists
1609,3,15,1026.0,3,Potential Loyalists
1610,3,59,924.52,0,Loyal Customers
1611,3,16,530.86,3,Potential Loyalists
1612,3,123,433.85,1,Lost Customers
1613,3,154,260.7,1,Lost Customers
1614,3,72,1111.55,0,Loyal Customers
1615,3,32,583.71,3,Potential Loyalists
1616,3,35,434.2,3,Potential Loyalists
1617,3,11,1130.2,3,Potential Loyalists
1618,3,13,1912.65,0,Loyal Customers
1619,3,66,1188.33,0,Loyal Customers
1620,3,52,800.18,0,Loyal Customers
1621,3,58,926.12,0,Loyal Customers
1622,3,18,1007.74,3,Potential Loyalists
1623,3,182,1145.33,0,Loyal Customers
1624,3,359,454.54,1,Lost Customers
1625,3,136,474.64,1,Lost Customers
1626,3,39,1334.54,0,Loyal Customers
1627,3,18,513.08,3,Potential Loyalists
1628,3,0,2062.41,2,Champions
1629,3,189,841.16,0,Loyal Customers
1630,3,212,630.75,1,Lost Customers
1631,3,105,1002.29,0,Loyal Customers
1632,3,62,533.11,0,Loyal Customers
1633,3,53,652.75,0,Loyal Customers
1634,3,106,1013.76,0,Loyal Customers
1635,3,81,433.07,1,Lost Customers
1636,3,216,1593.83,0,Loyal Customers
1637,3,0,982.86,3,Potential Loyalists
1638,3,37,1020.47,0,Loyal Customers
1639,3,42,1648.18,0,Loyal Customers
1640,3,36,749.0600000000001,0,Loyal Customers
1641,3,62,635.06,0,Loyal Customers
1642,3,113,755.51,0,Loyal Customers
1643,3,58,3698.0499999999997,0,Loyal Customers
1644,3,48,1069.56,0,Loyal Customers
1645,3,38,3783.89,0,Loyal Customers
1646,3,71,1179.45,0,Loyal Customers
1647,3,2,422.2,3,Potential Loyalists
1648,3,77,1326.04,0,Loyal Customers
1649,3,304,1502.0,0,Loyal Customers
1650,3,18,1712.1200000000001,0,Loyal Customers
1651,3,36,885.79,0,Loyal Customers
1652,3,21,1018.71,0,Loyal Customers
1653,3,43,1994.47,0,Loyal Customers
1654,3,252,986.08,0,Loyal Customers
1655,3,55,753.51,0,Loyal Customers
1656,3,64,1310.99,0,Loyal Customers
1657,3,16,1289.44,0,Loyal Customers
1658,3,22,376.20000000000005,3,Potential Loyalists
1659,3,127,920.08,0,Loyal Customers
1660,3,23,1946.28,0,Loyal Customers
1661,3,50,498.95,0,Loyal Customers
1662,3,27,401.66999999999996,3,Potential Loyalists
1663,3,81,465.6,0,Loyal Customers
1664,3,8,640.0,3,Potential Loyalists
1665,3,10,1676.95,0,Loyal Customers
1666,3,71,660.0,0,Loyal Customers
1667,3,226,642.14,1,Lost Customers
1668,3,3,422.45,3,Potential Loyalists
1669,3,13,859.21,3,Potential Loyalists
1670,3,16,591.0699999999999,3,Potential Loyalists
1671,3,29,885.3199999999999,0,Loyal Customers
1672,3,100,933.77,0,Loyal Customers
1673,3,162,919.57,0,Loyal Customers
1674,3,69,661.39,0,Loyal Customers
1675,3,146,1220.9,0,Loyal Customers
1676,3,14,2143.84,0,Loyal Customers
1677,3,72,1315.2,0,Loyal Customers
1678,3,14,867.11,3,Potential Loyalists
1679,3,1,663.31,3,Potential Loyalists
1680,3,57,611.9000000000001,0,Loyal Customers
1681,3,165,709.59,0,Loyal Customers
1682,3,112,1531.55,0,Loyal Customers
1683,3,79,780.46,0,Loyal Customers
1684,3,126,945.79,0,Loyal Customers
1685,3,69,447.44,0,Loyal Customers
1686,3,2,1674.41,3,Potential Loyalists
1687,3,233,1488.59,0,Loyal Customers
1688,3,67,2220.09,0,Loyal Customers
1689,3,1,329.48,3,Potential Loyalists
1690,3,94,522.9,0,Loyal Customers
1691,3,29,597.16,3,Potential Loyalists
1692,3,154,1534.22,0,Loyal Customers
1693,3,70,593.47,0,Loyal Customers
1694,3,27,1121.45,0,Loyal Customers
1695,3,46,701.62,0,Loyal Customers
1696,3,23,432.18,3,Potential Loyalists
1697,3,39,696.25,0,Loyal Customers
1698,3,11,526.27,3,Potential Loyalists
1699,3,36,222.65,3,Potential Loyalists
1700,3,41,599.35,0,Loyal Customers
1701,3,136,1687.8,0,Loyal Customers
1702,3,158,853.3199999999999,0,Loyal Customers
1703,3,284,595.7,1,Lost Customers
1704,3,17,795.47,3,Potential Loyalists
1705,3,226,229.46,1,Lost Customers
1706,3,195,569.88,1,Lost Customers
1707,3,24,869.64,0,Loyal Customers
1708,3,31,1251.65,0,Loyal Customers
1709,3,176,395.07,1,Lost Customers
1710,3,9,443.05,3,Potential Loyalists
1711,3,32,842.16,0,Loyal Customers
1712,3,0,327.68,3,Potential Loyalists
1713,3,50,1140.11,0,Loyal Customers
1714,3,42,746.05,0,Loyal Customers
1715,3,59,854.55,0,Loyal Customers
1716,3,366,475.42,1,Lost Customers
1717,3,105,584.25,0,Loyal Customers
1718,3,9,455.84000000000003,3,Potential Loyalists
1719,3,116,258.93,1,Lost Customers
1720,3,22,806.95,3,Potential Loyalists
1721,3,91,1754.24,0,Loyal Customers
1722,3,45,643.47,0,Loyal Customers
1723,3,0,840.0500000000001,3,Potential Loyalists
1724,3,69,645.0,0,Loyal Customers
1725,3,133,594.21,0,Loyal Customers
1726,3,28,966.03,0,Loyal Customers
1727,3,21,352.65,3,Potential Loyalists
1728,3,50,610.62,0,Loyal Customers
1729,3,66,424.96000000000004,0,Loyal Customers
1730,3,20,632.27,3,Potential Loyalists
1731,3,1,1006.53,3,Potential Loyalists
1732,3,29,612.381,3,Potential Loyalists
1733,3,63,1740.8999999999999,0,Loyal Customers
1734,3,11,500.2,3,Potential Loyalists
1735,3,77,1698.8300000000002,0,Loyal Customers
1736,3,24,2040.92,0,Loyal Customers
1737,3,147,1003.0699999999999,0,Loyal Customers
1738,3,303,319.14,1,Lost Customers
1739,3,52,637.93,0,Loyal Customers
1740,3,171,467.5,1,Lost Customers
1741,3,4,673.24,3,Potential Loyalists
1742,3,1,473.69,3,Potential Loyalists
1743,3,37,633.99,0,Loyal Customers
1744,3,66,731.25,0,Loyal Customers
1745,3,3,1085.91,3,Potential Loyalists
1746,3,3,778.42,3,Potential Loyalists
1747,3,20,1586.54,0,Loyal Customers
1748,3,31,1380.9099999999999,0,Loyal Customers
1749,3,233,1353.31,0,Loyal Customers
1750,3,39,1076.85,0,Loyal Customers
1751,3,1,790.71,3,Potential Loyalists
1752,3,11,204.10000000000002,3,Potential Loyalists
1753,3,217,1220.83,0,Loyal Customers
1754,3,44,934.58,0,Loyal Customers
1755,3,37,1256.67,0,Loyal Customers
1756,3,70,724.73,0,Loyal Customers
1757,3,204,1400.2,0,Loyal Customers
1758,3,8,586.24,3,Potential Loyalists
1759,3,48,638.49,0,Loyal Customers
1760,3,1,3078.65,2,Champions
1761,3,31,953.45,0,Loyal Customers
1762,3,144,741.3199999999999,0,Loyal Customers
1763,3,14,723.66,3,Potential Loyalists
1764,3,21,1059.41,0,Loyal Customers
1765,3,0,469.40999999999997,3,Potential Loyalists
1766,3,43,317.76,3,Potential Loyalists
1767,3,216,2525.44,0,Loyal Customers
1768,3,121,925.41,0,Loyal Customers
1769,3,30,920.46,0,Loyal Customers
1770,3,258,236.97,1,Lost Customers
1771,3,53,520.58,0,Loyal Customers
1772,3,231,6116.92,0,Loyal Customers
1773,3,25,944.82,0,Loyal Customers
1774,3,25,767.54,3,Potential Loyalists
1775,3,24,1491.4,0,Loyal Customers
1776,3,119,449.96999999999997,1,Lost Customers
1777,3,34,1624.84,0,Loyal Customers
1778,3,31,1062.48,0,Loyal Customers
1779,3,106,798.85,0,Loyal Customers
1780,3,29,739.1,3,Potential Loyalists
1781,3,7,521.64,3,Potential Loyalists
1782,3,65,1367.32,0,Loyal Customers
1783,3,315,1676.57,0,Loyal Customers
1784,3,53,915.28,0,Loyal Customers
1785,3,39,536.15,3,Potential Loyalists
1786,3,4,446.59,3,Potential Loyalists
1787,3,64,1194.92,0,Loyal Customers
1788,3,41,2560.0,0,Loyal Customers
1789,3,53,2779.51,0,Loyal Customers
1790,3,13,967.44,3,Potential Loyalists
1791,3,64,2559.45,0,Loyal Customers
1792,3,43,740.76,0,Loyal Customers
1793,3,72,1878.92,0,Loyal Customers
1794,3,45,340.94,3,Potential Loyalists
1795,3,21,1488.17,0,Loyal Customers
1796,3,20,885.71,3,Potential Loyalists
1797,3,13,627.96,3,Potential Loyalists
1798,3,198,1141.84,0,Loyal Customers
1799,3,185,1289.64,0,Loyal Customers
1800,3,31,847.11,0,Loyal Customers
1801,3,163,825.02,0,Loyal Customers
1802,3,268,722.98,1,Lost Customers
1803,3,18,1286.11,0,Loyal Customers
1804,3,25,537.9,3,Potential Loyalists
1805,3,11,1314.66,3,Potential Loyalists
1806,3,46,446.76,3,Potential Loyalists
1807,3,181,868.96,0,Loyal Customers
1808,3,55,1722.09,0,Loyal Customers
1809,3,111,333.18,1,Lost Customers
1810,3,179,570.66,1,Lost Customers
1811,3,48,2201.91,0,Loyal Customers
1812,3,51,1352.04,0,Loyal Customers
1813,3,65,742.9000000000001,0,Loyal Customers
1814,3,0,725.21,3,Potential Loyalists
1815,3,60,1294.17,0,Loyal Customers
1816,3,106,824.28,0,Loyal Customers
1817,3,14,732.55,3,Potential Loyalists
1818,3,78,1271.06,0,Loyal Customers
1819,3,84,758.65,0,Loyal Customers
1820,3,25,595.38,3,Potential Loyalists
1821,3,1,316.92,3,Potential Loyalists
1822,3,53,1523.49,0,Loyal Customers
1823,3,42,1396.05,0,Loyal Customers
1824,3,72,1404.68,0,Loyal Customers
1825,3,93,495.76,0,Loyal Customers
1826,3,64,1112.2,0,Loyal Customers
1827,3,80,948.03,0,Loyal Customers
1828,3,252,1393.66,0,Loyal Customers
1829,3,107,2270.0,0,Loyal Customers
1830,3,60,565.43,0,Loyal Customers
1831,3,52,458.25,3,Potential Loyalists
1832,3,34,470.73,3,Potential Loyalists
1833,3,112,1319.6399999999999,0,Loyal Customers
1834,3,7,77.52000000000001,3,Potential Loyalists
1835,3,118,816.6,0,Loyal Customers
1836,3,58,1527.25,0,Loyal Customers
1837,3,13,910.35,3,Potential Loyalists
1838,3,52,348.34,3,Potential Loyalists
1839,3,105,884.59,0,Loyal Customers
1840,3,108,744.34,0,Loyal Customers
1841,3,259,105.34,1,Lost Customers
1842,3,60,2356.66,0,Loyal Customers
1843,3,22,392.2,3,Potential Loyalists
1844,3,39,1795.22,0,Loyal Customers
1845,3,72,745.5,0,Loyal Customers
1846,3,70,979.8000000000001,0,Loyal Customers
1847,3,100,1441.55,0,Loyal Customers
1848,3,51,1264.3500000000001,0,Loyal Customers
1849,3,69,1938.46,0,Loyal Customers
1850,3,69,1393.42,0,Loyal Customers
1851,3,53,1327.98,0,Loyal Customers
1852,3,154,1591.73,0,Loyal Customers
1853,3,35,541.95,3,Potential Loyalists
1854,3,197,3269.11,0,Loyal Customers
1855,3,25,529.75,3,Potential Loyalists
1856,3,58,901.0699999999999,0,Loyal Customers
1857,3,59,1265.58,0,Loyal Customers
1858,3,11,900.77,3,Potential Loyalists
1859,3,38,357.77,3,Potential Loyalists
1860,3,317,542.89,1,Lost Customers
1861,3,13,1612.56,0,Loyal Customers
1862,3,56,2020.4,0,Loyal Customers
1863,3,162,750.5600000000001,0,Loyal Customers
1864,3,63,3595.77,0,Loyal Customers
1865,3,14,1067.85,3,Potential Loyalists
1866,3,10,777.34,3,Potential Loyalists
1867,3,230,458.26,1,Lost Customers
1868,3,174,240.21000000000004,1,Lost Customers
1869,3,105,2873.77,0,Loyal Customers
1870,3,139,770.08,0,Loyal Customers
1871,3,65,1440.58,0,Loyal Customers
1872,3,72,793.95,0,Loyal Customers
1873,3,13,263.75,3,Potential Loyalists
1874,3,15,264.9,3,Potential Loyalists
1875,3,34,893.12,0,Loyal Customers
1876,3,29,473.62,3,Potential Loyalists
1877,3,18,1359.25,0,Loyal Customers
1878,3,17,3514.18,0,Loyal Customers
1879,3,97,2735.63,0,Loyal Customers
1880,3,20,819.01,3,Potential Loyalists
1881,3,3,489.65000000000003,3,Potential Loyalists
1882,3,1,1013.54,3,Potential Loyalists
1883,3,7,835.33,3,Potential Loyalists
1884,3,44,446.1,3,Potential Loyalists
1885,3,16,847.76,3,Potential Loyalists
1886,3,57,874.22,0,Loyal Customers
1887,3,10,728.75,3,Potential Loyalists
1888,3,238,781.59,0,Loyal Customers
1889,3,50,415.57,3,Potential Loyalists
1890,3,41,1027.15,0,Loyal Customers
1891,3,171,714.51,0,Loyal Customers
1892,3,63,433.3,0,Loyal Customers
1893,3,252,286.26,1,Lost Customers
1894,3,11,1539.24,0,Loyal Customers
1895,3,67,159.92,1,Lost Customers
1896,3,53,685.65,0,Loyal Customers
1897,3,1,680.62,3,Potential Loyalists
1898,3,28,1839.1399999999999,0,Loyal Customers
1899,3,137,2304.18,0,Loyal Customers
1900,3,9,962.5,3,Potential Loyalists
1901,3,31,452.23,3,Potential Loyalists
1902,3,48,549.29,0,Loyal Customers
1903,3,20,2278.77,0,Loyal Customers
1904,3,128,281.26,1,Lost Customers
1905,3,32,1300.98,0,Loyal Customers
1906,3,164,1995.65,0,Loyal Customers
1907,3,90,917.57,0,Loyal Customers
1908,3,31,506.02,3,Potential Loyalists
1909,3,288,71.15,1,Lost Customers
1910,3,37,741.02,0,Loyal Customers
1911,3,9,1865.73,0,Loyal Customers
1912,3,34,743.88,0,Loyal Customers
1913,3,154,2145.06,0,Loyal Customers
1914,3,98,1511.01,0,Loyal Customers
1915,3,160,741.69,0,Loyal Customers
1916,3,29,980.7,0,Loyal Customers
1917,3,111,996.61,0,Loyal Customers
1918,3,126,1491.73,0,Loyal Customers
1919,3,141,834.38,0,Loyal Customers
1920,3,0,75.76,3,Potential Loyalists
1921,3,51,871.78,0,Loyal Customers
1922,3,3,1475.77,3,Potential Loyalists
1923,3,21,1711.6599999999999,0,Loyal Customers
1924,3,90,1655.17,0,Loyal Customers
1925,3,13,400.46999999999997,3,Potential Loyalists
1926,3,27,826.89,0,Loyal Customers
1927,3,302,346.56,1,Lost Customers
1928,3,106,793.9300000000001,0,Loyal Customers
1929,3,58,906.3,0,Loyal Customers
1930,3,99,759.98,0,Loyal Customers
1931,3,24,553.8000000000001,3,Potential Loyalists
1932,3,46,1015.74,0,Loyal Customers
1933,3,176,1958.6,0,Loyal Customers
1934,3,127,1535.37,0,Loyal Customers
1935,3,80,1513.84,0,Loyal Customers
1936,3,55,2766.4,0,Loyal Customers
1937,3,7,3882.17,0,Loyal Customers
1938,3,10,570.18,3,Potential Loyalists
1939,3,23,543.47,3,Potential Loyalists
1940,3,42,1596.29,0,Loyal Customers
1941,3,86,770.03,0,Loyal Customers
1942,3,11,383.78000000000003,3,Potential Loyalists
1943,3,30,437.87,3,Potential Loyalists
1944,3,94,3857.85,0,Loyal Customers
1945,3,154,376.46,1,Lost Customers
1946,3,81,566.7,0,Loyal Customers
1947,3,50,4274.94,0,Loyal Customers
1948,3,239,1006.54,0,Loyal Customers
1949,3,31,715.5,0,Loyal Customers
1950,3,46,740.0,0,Loyal Customers
1951,3,7,1557.96,3,Potential Loyalists
1952,3,29,1526.88,0,Loyal Customers
1953,3,77,1928.1299999999999,0,Loyal Customers
1954,3,7,526.97,3,Potential Loyalists
1955,3,302,419.87,1,Lost Customers
1956,3,27,608.4000000000001,3,Potential Loyalists
1957,3,217,217.9,1,Lost Customers
1958,3,3,521.78,3,Potential Loyalists
1959,3,99,275.4,1,Lost Customers
1960,3,7,913.9000000000001,3,Potential Loyalists
1961,3,29,434.5,3,Potential Loyalists
1962,3,4,969.19,3,Potential Loyalists
1963,3,1,654.09,3,Potential Loyalists
1964,3,88,453.93,1,Lost Customers
1965,3,84,867.6,0,Loyal Customers
1966,3,46,1764.86,0,Loyal Customers
1967,3,13,2303.33,0,Loyal Customers
1968,3,109,549.12,0,Loyal Customers
1969,3,78,1766.46,0,Loyal Customers
1970,3,182,173.95,1,Lost Customers
1971,3,2,1354.35,3,Potential Loyalists
1972,3,116,641.36,0,Loyal Customers
1973,3,213,2244.7,0,Loyal Customers
1974,3,3,599.78,3,Potential Loyalists
1975,3,34,3424.02,0,Loyal Customers
1976,3,174,324.08,1,Lost Customers
1977,3,72,703.27,0,Loyal Customers
1978,3,133,973.73,0,Loyal Customers
1979,3,85,5646.400000000001,0,Loyal Customers
1980,3,20,923.99,3,Potential Loyalists
1981,3,41,362.42,3,Potential Loyalists
1982,3,15,1190.3700000000001,3,Potential Loyalists
1983,3,16,1035.1,3,Potential Loyalists
1984,3,98,1103.64,0,Loyal Customers
1985,3,31,828.5500000000001,0,Loyal Customers
1986,3,42,2715.0,0,Loyal Customers
1987,3,16,1058.25,3,Potential Loyalists
1988,3,41,823.0,0,Loyal Customers
1989,3,113,2422.02,0,Loyal Customers
1990,3,155,349.87,1,Lost Customers
1991,3,83,934.19,0,Loyal Customers
1992,3,56,2456.86,0,Loyal Customers
1993,3,7,737.0500000000001,3,Potential Loyalists
1994,3,7,774.84,3,Potential Loyalists
1995,3,18,923.03,3,Potential Loyalists
1996,3,227,1139.1,0,Loyal Customers
1997,3,112,423.93,1,Lost Customers
1998,3,20,1132.6200000000001,0,Loyal Customers
1999,3,149,1459.02,0,Loyal Customers
2000,3,15,1431.78,0,Loyal Customers
2001,3,253,597.23,1,Lost Customers
2002,3,182,639.93,1,Lost Customers
2003,3,109,991.7900000000001,0,Loyal Customers
2004,3,147,855.71,0,Loyal Customers
2005,3,91,3686.61,0,Loyal Customers
2006,3,34,7056.63,0,Loyal Customers
2007,3,34,2183.2200000000003,0,Loyal Customers
2008,3,225,1128.72,0,Loyal Customers
2009,3,331,360.35,1,Lost Customers
2010,3,135,396.39,1,Lost Customers
2011,3,79,638.2,0,Loyal Customers
2012,3,161,2941.2,0,Loyal Customers
2013,3,0,626.77,3,Potential Loyalists
2014,3,240,369.02,1,Lost Customers
2015,3,10,1377.86,3,Potential Loyalists
2016,3,125,670.98,0,Loyal Customers
2017,3,7,1163.39,3,Potential Loyalists
2018,3,22,462.18,3,Potential Loyalists
2019,3,11,399.75,3,Potential Loyalists
2020,3,25,1256.63,0,Loyal Customers
2021,3,15,896.77,3,Potential Loyalists
2022,3,14,482.33,3,Potential Loyalists
2023,3,15,639.24,3,Potential Loyalists
2024,3,16,524.83,3,Potential Loyalists
2025,3,184,564.55,1,Lost Customers
2026,3,38,792.61,0,Loyal Customers
2027,3,6,373.3,3,Potential Loyalists
2028,3,24,1225.93,0,Loyal Customers
2029,3,113,588.5,0,Loyal Customers
2030,3,22,668.97,3,Potential Loyalists
2031,3,31,1254.21,0,Loyal Customers
2032,3,58,1293.72,0,Loyal Customers
2033,3,9,1376.0900000000001,3,Potential Loyalists
2034,3,16,596.28,3,Potential Loyalists
2035,3,77,808.81,0,Loyal Customers
2036,3,9,399.61,3,Potential Loyalists
2037,3,48,1352.62,0,Loyal Customers
2038,3,28,1188.46,0,Loyal Customers
2039,3,21,912.15,3,Potential Loyalists
2040,3,34,490.32,3,Potential Loyalists
2041,3,98,3634.36,0,Loyal Customers
2042,3,41,13544.99,0,Loyal Customers
2043,3,24,527.3199999999999,3,Potential Loyalists
2044,3,37,1370.05,0,Loyal Customers
2045,3,98,390.0,1,Lost Customers
2046,3,202,659.48,1,Lost Customers
2047,3,55,586.1,0,Loyal Customers
2048,3,63,663.7,0,Loyal Customers
2049,3,102,632.39,0,Loyal Customers
2050,3,151,784.48,0,Loyal Customers
2051,3,238,1250.8700000000001,0,Loyal Customers
2052,3,15,3560.3,0,Loyal Customers
2053,3,48,1791.15,0,Loyal Customers
2054,3,259,774.62,1,Lost Customers
2055,3,244,662.2,1,Lost Customers
2056,3,147,549.28,1,Lost Customers
2057,3,42,2671.14,0,Loyal Customers
2058,3,37,1433.33,0,Loyal Customers
2059,3,49,839.73,0,Loyal Customers
2060,3,97,321.35,1,Lost Customers
2061,3,10,2719.01,0,Loyal Customers
2062,3,142,917.4300000000001,0,Loyal Customers
2063,3,2,816.9300000000001,3,Potential Loyalists
2064,3,238,284.4,1,Lost Customers
2065,3,161,270.15000000000003,1,Lost Customers
2066,3,87,369.94,1,Lost Customers
2067,3,32,1931.35,0,Loyal Customers
2068,3,76,628.22,0,Loyal Customers
2069,3,7,536.04,3,Potential Loyalists
2070,3,7,811.1,3,Potential Loyalists
2071,3,77,1534.78,0,Loyal Customers
2072,3,165,982.59,0,Loyal Customers
2073,3,55,624.36,0,Loyal Customers
2074,3,44,2179.42,0,Loyal Customers
2075,3,56,2246.29,0,Loyal Customers
2076,3,195,875.45,0,Loyal Customers
2077,3,65,1279.55,0,Loyal Customers
2078,3,238,461.16,1,Lost Customers
2079,3,20,853.65,3,Potential Loyalists
2080,3,34,2975.06,0,Loyal Customers
2081,3,20,1452.22,0,Loyal Customers
2082,2,97,469.19,1,Lost Customers
2083,2,149,225.81,1,Lost Customers
2084,2,7,588.75,3,Potential Loyalists
2085,2,259,763.0500000000001,1,Lost Customers
2086,2,148,323.29,1,Lost Customers
2087,2,231,479.91999999999996,1,Lost Customers
2088,2,13,1480.8600000000001,3,Potential Loyalists
2089,2,35,396.71,3,Potential Loyalists
2090,2,63,2193.56,0,Loyal Customers
2091,2,213,741.85,1,Lost Customers
2092,2,65,568.64,3,Potential Loyalists
2093,2,157,754.38,1,Lost Customers
2094,2,15,963.59,3,Potential Loyalists
2095,2,106,770.56,1,Lost Customers
2096,2,39,638.0,3,Potential Loyalists
2097,2,289,9530.08,0,Loyal Customers
2098,2,116,422.85999999999996,1,Lost Customers
2099,2,2,1323.32,3,Potential Loyalists
2100,2,126,302.6,1,Lost Customers
2101,2,17,338.76,3,Potential Loyalists
2102,2,32,312.05,3,Potential Loyalists
2103,2,212,795.3199999999999,1,Lost Customers
2104,2,112,620.06,1,Lost Customers
2105,2,67,313.7,1,Lost Customers
2106,2,74,606.4100000000001,1,Lost Customers
2107,2,15,816.56,3,Potential Loyalists
2108,2,24,241.68,3,Potential Loyalists
2109,2,133,243.3,1,Lost Customers
2110,2,36,882.47,3,Potential Loyalists
2111,2,17,816.85,3,Potential Loyalists
2112,2,53,420.67,3,Potential Loyalists
2113,2,233,445.0,1,Lost Customers
2114,2,44,847.03,3,Potential Loyalists
2115,2,186,145.99,1,Lost Customers
2116,2,18,704.75,3,Potential Loyalists
2117,2,147,990.0,0,Loyal Customers
2118,2,181,787.99,1,Lost Customers
2119,2,15,239.87,3,Potential Loyalists
2120,2,239,1839.52,0,Loyal Customers
2121,2,32,1509.5,0,Loyal Customers
2122,2,366,447.05,1,Lost Customers
2123,2,231,577.8100000000001,1,Lost Customers
2124,2,21,1122.4,3,Potential Loyalists
2125,2,8,1019.44,3,Potential Loyalists
2126,2,20,503.01,3,Potential Loyalists
2127,2,50,291.56,3,Potential Loyalists
2128,2,22,763.08,3,Potential Loyalists
2129,2,57,1579.07,0,Loyal Customers
2130,2,60,389.40000000000003,1,Lost Customers
2131,2,93,653.3100000000001,1,Lost Customers
2132,2,200,650.16,1,Lost Customers
2133,2,3,225.15,3,Potential Loyalists
2134,2,48,492.47999999999996,3,Potential Loyalists
2135,2,123,284.4,1,Lost Customers
2136,2,16,326.09,3,Potential Loyalists
2137,2,72,500.92,1,Lost Customers
2138,2,160,271.05,1,Lost Customers
2139,2,176,603.9,1,Lost Customers
2140,2,43,1185.46,0,Loyal Customers
2141,2,25,186.60000000000002,3,Potential Loyalists
2142,2,317,1142.88,1,Lost Customers
2143,2,97,859.2,0,Loyal Customers
2144,2,45,768.6,3,Potential Loyalists
2145,2,62,830.09,0,Loyal Customers
2146,2,8,410.79,3,Potential Loyalists
2147,2,45,476.90000000000003,3,Potential Loyalists
2148,2,34,175.85,3,Potential Loyalists
2149,2,7,678.11,3,Potential Loyalists
2150,2,62,785.25,0,Loyal Customers
2151,2,269,1439.6100000000001,0,Loyal Customers
2152,2,25,364.93,3,Potential Loyalists
2153,2,17,465.15,3,Potential Loyalists
2154,2,64,200.82,1,Lost Customers
2155,2,144,216.41,1,Lost Customers
2156,2,8,671.34,3,Potential Loyalists
2157,2,111,606.21,1,Lost Customers
2158,2,105,713.11,1,Lost Customers
2159,2,135,2074.07,0,Loyal Customers
2160,2,20,546.34,3,Potential Loyalists
2161,2,17,419.38,3,Potential Loyalists
2162,2,1,338.41,3,Potential Loyalists
2163,2,157,61.300000000000004,1,Lost Customers
2164,2,6,223.42,3,Potential Loyalists
2165,2,8,547.6,3,Potential Loyalists
2166,2,13,845.01,3,Potential Loyalists
2167,2,17,569.22,3,Potential Loyalists
2168,2,83,613.08,1,Lost Customers
2169,2,200,445.15,1,Lost Customers
2170,2,115,457.82,1,Lost Customers
2171,2,15,611.5500000000001,3,Potential Loyalists
2172,2,11,1443.03,3,Potential Loyalists
2173,2,136,622.6700000000001,1,Lost Customers
2174,2,10,183.37,3,Potential Loyalists
2175,2,8,627.5400000000001,3,Potential Loyalists
2176,2,290,392.6,1,Lost Customers
2177,2,263,43.87,1,Lost Customers
2178,2,162,289.5,1,Lost Customers
2179,2,8,574.2,3,Potential Loyalists
2180,2,157,3070.54,0,Loyal Customers
2181,2,97,246.5,1,Lost Customers
2182,2,84,374.7,1,Lost Customers
2183,2,1,1136.64,3,Potential Loyalists
2184,2,373,1182.0,1,Lost Customers
2185,2,60,717.85,0,Loyal Customers
2186,2,60,343.7,1,Lost Customers
2187,2,276,135.16,1,Lost Customers
2188,2,2,339.11,3,Potential Loyalists
2189,2,45,308.35,3,Potential Loyalists
2190,2,46,278.34000000000003,3,Potential Loyalists
2191,2,308,679.45,1,Lost Customers
2192,2,255,45.34,1,Lost Customers
2193,2,35,5205.400000000001,0,Loyal Customers
2194,2,52,297.0,3,Potential Loyalists
2195,2,31,1216.66,0,Loyal Customers
2196,2,55,510.72,3,Potential Loyalists
2197,2,22,283.19,3,Potential Loyalists
2198,2,27,466.67,3,Potential Loyalists
2199,2,22,522.67,3,Potential Loyalists
2200,2,87,216.95000000000002,1,Lost Customers
2201,2,126,170.88,1,Lost Customers
2202,2,119,805.3000000000001,1,Lost Customers
2203,2,1,1213.8,3,Potential Loyalists
2204,2,30,999.48,3,Potential Loyalists
2205,2,274,366.0,1,Lost Customers
2206,2,14,291.56,3,Potential Loyalists
2207,2,87,147.12,1,Lost Customers
2208,2,156,149.7,1,Lost Customers
2209,2,0,1803.2,3,Potential Loyalists
2210,2,65,1336.56,0,Loyal Customers
2211,2,129,386.8,1,Lost Customers
2212,2,262,1367.89,0,Loyal Customers
2213,2,20,321.72,3,Potential Loyalists
2214,2,49,689.6700000000001,3,Potential Loyalists
2215,2,15,837.53,3,Potential Loyalists
2216,2,88,465.15999999999997,1,Lost Customers
2217,2,203,1234.88,0,Loyal Customers
2218,2,60,449.42,3,Potential Loyalists
2219,2,216,223.39,1,Lost Customers
2220,2,102,954.75,0,Loyal Customers
2221,2,16,1385.38,3,Potential Loyalists
2222,2,27,625.2,3,Potential Loyalists
2223,2,14,682.54,3,Potential Loyalists
2224,2,18,609.84,3,Potential Loyalists
2225,2,15,142.7,3,Potential Loyalists
2226,2,21,895.76,3,Potential Loyalists
2227,2,140,251.15,1,Lost Customers
2228,2,55,370.45,3,Potential Loyalists
2229,2,65,621.51,3,Potential Loyalists
2230,2,150,129.69,1,Lost Customers
2231,2,303,373.16,1,Lost Customers
2232,2,76,619.49,1,Lost Customers
2233,2,69,226.86,1,Lost Customers
2234,2,52,202.82999999999998,1,Lost Customers
2235,2,95,429.7,1,Lost Customers
2236,2,44,543.89,3,Potential Loyalists
2237,2,202,882.5999999999999,1,Lost Customers
2238,2,3,1160.31,3,Potential Loyalists
2239,2,29,132.9,3,Potential Loyalists
2240,2,10,1609.37,3,Potential Loyalists
2241,2,56,449.25,3,Potential Loyalists
2242,2,119,481.88,1,Lost Customers
2243,2,20,916.47,3,Potential Loyalists
2244,2,20,1185.18,3,Potential Loyalists
2245,2,92,622.8199999999999,1,Lost Customers
2246,2,71,141.6,1,Lost Customers
2247,2,28,747.28,3,Potential Loyalists
2248,2,203,283.85,1,Lost Customers
2249,2,17,824.48,3,Potential Loyalists
2250,2,16,208.3,3,Potential Loyalists
2251,2,155,823.4,1,Lost Customers
2252,2,149,575.37,1,Lost Customers
2253,2,21,330.56,3,Potential Loyalists
2254,2,17,679.02,3,Potential Loyalists
2255,2,80,271.44,1,Lost Customers
2256,2,102,368.35,1,Lost Customers
2257,2,321,147.3,1,Lost Customers
2258,2,112,600.34,1,Lost Customers
2259,2,175,1061.69,0,Loyal Customers
2260,2,39,399.95,3,Potential Loyalists
2261,2,121,1544.79,0,Loyal Customers
2262,2,50,488.5,3,Potential Loyalists
2263,2,8,471.14,3,Potential Loyalists
2264,2,297,287.38,1,Lost Customers
2265,2,94,730.37,1,Lost Customers
2266,2,23,856.85,3,Potential Loyalists
2267,2,28,441.92,3,Potential Loyalists
2268,2,16,299.61,3,Potential Loyalists
2269,2,39,1362.75,0,Loyal Customers
2270,2,20,1847.94,0,Loyal Customers
2271,2,57,1469.04,0,Loyal Customers
2272,2,25,886.1,3,Potential Loyalists
2273,2,256,468.88,1,Lost Customers
2274,2,41,101.1,1,Lost Customers
2275,2,146,1412.85,0,Loyal Customers
2276,2,111,442.0,1,Lost Customers
2277,2,18,1319.67,3,Potential Loyalists
2278,2,25,210.58,3,Potential Loyalists
2279,2,98,592.24,1,Lost Customers
2280,2,78,419.75,1,Lost Customers
2281,2,87,550.42,1,Lost Customers
2282,2,51,627.82,3,Potential Loyalists
2283,2,18,476.92,3,Potential Loyalists
2284,2,140,271.47,1,Lost Customers
2285,2,18,344.61,3,Potential Loyalists
2286,2,8,430.78,3,Potential Loyalists
2287,2,90,260.38,1,Lost Customers
2288,2,37,620.85,3,Potential Loyalists
2289,2,21,846.55,3,Potential Loyalists
2290,2,1,2006.32,3,Potential Loyalists
2291,2,144,2481.06,0,Loyal Customers
2292,2,113,1089.44,0,Loyal Customers
2293,2,204,718.04,1,Lost Customers
2294,2,165,554.67,1,Lost Customers
2295,2,65,795.98,0,Loyal Customers
2296,2,214,498.15000000000003,1,Lost Customers
2297,2,38,509.75,3,Potential Loyalists
2298,2,323,148.22,1,Lost Customers
2299,2,14,2312.7,0,Loyal Customers
2300,2,259,1160.4099999999999,1,Lost Customers
2301,2,20,1558.22,3,Potential Loyalists
2302,2,155,804.88,1,Lost Customers
2303,2,170,490.0,1,Lost Customers
2304,2,0,830.63,3,Potential Loyalists
2305,2,18,313.05,3,Potential Loyalists
2306,2,58,2557.35,0,Loyal Customers
2307,2,23,317.08,3,Potential Loyalists
2308,2,104,710.4,1,Lost Customers
2309,2,296,412.92,1,Lost Customers
2310,2,109,561.59,1,Lost Customers
2311,2,32,153.52,3,Potential Loyalists
2312,2,59,536.88,3,Potential Loyalists
2313,2,98,70.74000000000001,1,Lost Customers
2314,2,27,227.87,3,Potential Loyalists
2315,2,1,1116.72,3,Potential Loyalists
2316,2,39,541.47,3,Potential Loyalists
2317,2,58,2085.61,0,Loyal Customers
2318,2,197,482.85,1,Lost Customers
2319,2,155,191.86,1,Lost Customers
2320,2,128,363.40000000000003,1,Lost Customers
2321,2,22,438.9,3,Potential Loyalists
2322,2,8,439.7,3,Potential Loyalists
2323,2,27,1241.23,3,Potential Loyalists
2324,2,69,826.27,0,Loyal Customers
2325,2,304,198.6,1,Lost Customers
2326,2,84,296.07,1,Lost Customers
2327,2,2,489.59999999999997,3,Potential Loyalists
2328,2,232,1130.21,1,Lost Customers
2329,2,72,725.15,0,Loyal Customers
2330,2,358,137.15,1,Lost Customers
2331,2,34,547.34,3,Potential Loyalists
2332,2,149,276.76,1,Lost Customers
2333,2,206,439.1,1,Lost Customers
2334,2,11,637.44,3,Potential Loyalists
2335,2,23,702.9,3,Potential Loyalists
2336,2,81,931.12,0,Loyal Customers
2337,2,241,1079.1000000000001,1,Lost Customers
2338,2,42,277.94,3,Potential Loyalists
2339,2,14,1341.56,3,Potential Loyalists
2340,2,184,1147.02,0,Loyal Customers
2341,2,48,1428.28,0,Loyal Customers
2342,2,99,843.17,0,Loyal Customers
2343,2,23,641.4,3,Potential Loyalists
2344,2,18,639.56,3,Potential Loyalists
2345,2,111,266.63,1,Lost Customers
2346,2,171,449.49,1,Lost Customers
2347,2,53,621.54,3,Potential Loyalists
2348,2,21,473.49,3,Potential Loyalists
2349,2,64,817.46,0,Loyal Customers
2350,2,127,566.89,1,Lost Customers
2351,2,129,2428.08,0,Loyal Customers
2352,2,62,546.25,3,Potential Loyalists
2353,2,282,842.4,1,Lost Customers
2354,2,2,519.95,3,Potential Loyalists
2355,2,84,1504.7,0,Loyal Customers
2356,2,11,325.3,3,Potential Loyalists
2357,2,259,239.4,1,Lost Customers
2358,2,92,566.9,1,Lost Customers
2359,2,72,719.82,0,Loyal Customers
2360,2,86,639.76,1,Lost Customers
2361,2,49,443.16,3,Potential Loyalists
2362,2,9,619.08,3,Potential Loyalists
2363,2,149,1188.16,0,Loyal Customers
2364,2,52,250.6,1,Lost Customers
2365,2,20,764.24,3,Potential Loyalists
2366,2,188,957.25,1,Lost Customers
2367,2,190,395.1,1,Lost Customers
2368,2,29,854.15,3,Potential Loyalists
2369,2,66,687.3100000000001,0,Loyal Customers
2370,2,56,456.40000000000003,3,Potential Loyalists
2371,2,213,392.38,1,Lost Customers
2372,2,7,1024.55,3,Potential Loyalists
2373,2,280,348.75,1,Lost Customers
2374,2,245,1240.25,0,Loyal Customers
2375,2,162,970.12,0,Loyal Customers
2376,2,56,648.4,3,Potential Loyalists
2377,2,30,1473.24,0,Loyal Customers
2378,2,234,318.24,1,Lost Customers
2379,2,156,553.88,1,Lost Customers
2380,2,62,568.92,3,Potential Loyalists
2381,2,143,1766.22,0,Loyal Customers
2382,2,55,612.76,3,Potential Loyalists
2383,2,55,288.33,1,Lost Customers
2384,2,67,249.88,1,Lost Customers
2385,2,15,689.1,3,Potential Loyalists
2386,2,45,285.9,3,Potential Loyalists
2387,2,199,716.69,1,Lost Customers
2388,2,17,563.08,3,Potential Loyalists
2389,2,276,170.1,1,Lost Customers
2390,2,14,965.2,3,Potential Loyalists
2391,2,199,218.53,1,Lost Customers
2392,2,309,565.9,1,Lost Customers
2393,2,98,83.0,1,Lost Customers
2394,2,218,660.27,1,Lost Customers
2395,2,179,224.94,1,Lost Customers
2396,2,10,727.85,3,Potential Loyalists
2397,2,113,747.85,1,Lost Customers
2398,2,25,287.25,3,Potential Loyalists
2399,2,43,645.6,3,Potential Loyalists
2400,2,60,329.42,1,Lost Customers
2401,2,29,554.85,3,Potential Loyalists
2402,2,73,394.14,1,Lost Customers
2403,2,32,739.2,3,Potential Loyalists
2404,2,22,154.5,3,Potential Loyalists
2405,2,232,721.06,1,Lost Customers
2406,2,111,140.39000000000001,1,Lost Customers
2407,2,137,1441.04,0,Loyal Customers
2408,2,191,420.25,1,Lost Customers
2409,2,21,226.04,3,Potential Loyalists
2410,2,296,283.73,1,Lost Customers
2411,2,107,632.9399999999999,1,Lost Customers
2412,2,211,209.57,1,Lost Customers
2413,2,23,658.18,3,Potential Loyalists
2414,2,115,2138.91,0,Loyal Customers
2415,2,69,851.91,0,Loyal Customers
2416,2,195,659.4,1,Lost Customers
2417,2,157,617.1800000000001,1,Lost Customers
2418,2,43,607.0,3,Potential Loyalists
2419,2,30,489.86,3,Potential Loyalists
2420,2,247,1144.3,1,Lost Customers
2421,2,43,1272.8,0,Loyal Customers
2422,2,122,775.64,1,Lost Customers
2423,2,246,1339.05,0,Loyal Customers
2424,2,123,607.43,1,Lost Customers
2425,2,48,2118.12,0,Loyal Customers
2426,2,134,699.2,1,Lost Customers
2427,2,10,579.89,3,Potential Loyalists
2428,2,11,397.76,3,Potential Loyalists
2429,2,35,872.51,3,Potential Loyalists
2430,2,20,1356.95,3,Potential Loyalists
2431,2,85,871.26,0,Loyal Customers
2432,2,28,917.06,3,Potential Loyalists
2433,2,44,701.61,3,Potential Loyalists
2434,2,98,757.13,0,Loyal Customers
2435,2,16,1077.2,3,Potential Loyalists
2436,2,14,544.6,3,Potential Loyalists
2437,2,35,107.55000000000001,3,Potential Loyalists
2438,2,16,605.7,3,Potential Loyalists
2439,2,71,923.85,0,Loyal Customers
2440,2,70,1767.12,0,Loyal Customers
2441,2,93,208.62,1,Lost Customers
2442,2,84,465.45000000000005,1,Lost Customers
2443,2,49,835.46,0,Loyal Customers
2444,2,9,529.25,3,Potential Loyalists
2445,2,0,975.5600000000001,3,Potential Loyalists
2446,2,135,283.44000000000005,1,Lost Customers
2447,2,21,646.44,3,Potential Loyalists
2448,2,39,560.14,3,Potential Loyalists
2449,2,31,832.54,3,Potential Loyalists
2450,2,20,1713.69,0,Loyal Customers
2451,2,164,406.07,1,Lost Customers
2452,2,67,1077.24,0,Loyal Customers
2453,2,39,250.44,3,Potential Loyalists
2454,2,31,1552.88,0,Loyal Customers
2455,2,69,1223.1100000000001,0,Loyal Customers
2456,2,91,516.0,1,Lost Customers
2457,2,98,124.08000000000001,1,Lost Customers
2458,2,102,848.3299999999999,0,Loyal Customers
2459,2,52,3582.62,0,Loyal Customers
2460,2,224,404.7,1,Lost Customers
2461,2,11,1531.63,3,Potential Loyalists
2462,2,24,400.06,3,Potential Loyalists
2463,2,37,227.47000000000003,3,Potential Loyalists
2464,2,29,634.68,3,Potential Loyalists
2465,2,277,469.13,1,Lost Customers
2466,2,78,860.08,0,Loyal Customers
2467,2,56,2349.5,0,Loyal Customers
2468,2,115,360.0,1,Lost Customers
2469,2,30,416.6,3,Potential Loyalists
2470,2,8,429.78,3,Potential Loyalists
2471,2,49,498.1,3,Potential Loyalists
2472,2,140,2297.66,0,Loyal Customers
2473,2,49,422.8,3,Potential Loyalists
2474,2,45,381.15,3,Potential Loyalists
2475,2,92,782.95,0,Loyal Customers
2476,2,23,300.08,3,Potential Loyalists
2477,2,311,383.59000000000003,1,Lost Customers
2478,2,18,497.04,3,Potential Loyalists
2479,2,0,119.0,3,Potential Loyalists
2480,2,126,1502.0,0,Loyal Customers
2481,2,28,4511.76,0,Loyal Customers
2482,2,16,237.64000000000001,3,Potential Loyalists
2483,2,22,1025.1,3,Potential Loyalists
2484,2,59,975.87,0,Loyal Customers
2485,2,72,692.95,0,Loyal Customers
2486,2,371,777.0,1,Lost Customers
2487,2,216,613.6800000000001,1,Lost Customers
2488,2,43,913.62,0,Loyal Customers
2489,2,94,758.67,0,Loyal Customers
2490,2,0,1557.38,3,Potential Loyalists
2491,2,28,689.11,3,Potential Loyalists
2492,2,177,144.14999999999998,1,Lost Customers
2493,2,34,933.84,3,Potential Loyalists
2494,2,107,1450.5,0,Loyal Customers
2495,2,36,707.79,3,Potential Loyalists
2496,2,43,1157.77,0,Loyal Customers
2497,2,45,512.77,3,Potential Loyalists
2498,2,43,312.35,3,Potential Loyalists
2499,2,44,152.35,1,Lost Customers
2500,2,179,59.900000000000006,1,Lost Customers
2501,2,69,679.4,0,Loyal Customers
2502,2,34,326.25,3,Potential Loyalists
2503,2,55,43.25,1,Lost Customers
2504,2,171,2699.48,0,Loyal Customers
2505,2,28,548.8,3,Potential Loyalists
2506,2,170,788.45,1,Lost Customers
2507,2,147,181.5,1,Lost Customers
2508,2,6,471.85,3,Potential Loyalists
2509,2,0,552.08,3,Potential Loyalists
2510,2,28,1151.04,3,Potential Loyalists
2511,2,91,623.08,1,Lost Customers
2512,2,24,1140.58,3,Potential Loyalists
2513,2,263,407.94,1,Lost Customers
2514,2,35,237.81,3,Potential Loyalists
2515,2,107,271.75,1,Lost Customers
2516,2,304,467.78999999999996,1,Lost Customers
2517,2,74,336.62,1,Lost Customers
2518,2,25,393.64,3,Potential Loyalists
2519,2,25,490.21999999999997,3,Potential Loyalists
2520,2,71,189.78,1,Lost Customers
2521,2,31,417.3,3,Potential Loyalists
2522,2,48,1346.29,0,Loyal Customers
2523,2,88,890.94,0,Loyal Customers
2524,2,3,966.27,3,Potential Loyalists
2525,2,58,282.85,1,Lost Customers
2526,2,134,205.14,1,Lost Customers
2527,2,104,601.4499999999999,1,Lost Customers
2528,2,3,433.99,3,Potential Loyalists
2529,2,79,501.97999999999996,1,Lost Customers
2530,2,83,369.98,1,Lost Customers
2531,2,122,258.34,1,Lost Customers
2532,2,15,409.17,3,Potential Loyalists
2533,2,13,413.0,3,Potential Loyalists
2534,2,44,1449.1399999999999,0,Loyal Customers
2535,2,196,330.77,1,Lost Customers
2536,2,67,244.60000000000002,1,Lost Customers
2537,2,35,260.85,3,Potential Loyalists
2538,2,10,679.44,3,Potential Loyalists
2539,2,181,38.92,1,Lost Customers
2540,2,17,529.15,3,Potential Loyalists
2541,2,100,325.37,1,Lost Customers
2542,2,200,1266.63,0,Loyal Customers
2543,2,169,534.99,1,Lost Customers
2544,2,13,519.05,3,Potential Loyalists
2545,2,34,524.94,3,Potential Loyalists
2546,2,0,521.66,3,Potential Loyalists
2547,2,51,615.27,3,Potential Loyalists
2548,2,93,567.5600000000001,1,Lost Customers
2549,2,9,178.68,3,Potential Loyalists
2550,2,174,243.9,1,Lost Customers
2551,2,39,551.24,3,Potential Loyalists
2552,2,29,199.10999999999999,3,Potential Loyalists
2553,2,11,563.1,3,Potential Loyalists
2554,2,65,638.81,3,Potential Loyalists
2555,2,161,596.1899999999999,1,Lost Customers
2556,2,8,225.45000000000002,3,Potential Loyalists
2557,2,57,321.3,1,Lost Customers
2558,2,204,198.41000000000003,1,Lost Customers
2559,2,21,610.74,3,Potential Loyalists
2560,2,182,713.03,1,Lost Customers
2561,2,112,560.71,1,Lost Customers
2562,2,80,406.68,1,Lost Customers
2563,2,125,758.62,1,Lost Customers
2564,2,13,205.99,3,Potential Loyalists
2565,2,58,1076.2,0,Loyal Customers
2566,2,23,913.62,3,Potential Loyalists
2567,2,156,518.63,1,Lost Customers
2568,2,98,236.06,1,Lost Customers
2569,2,112,634.68,1,Lost Customers
2570,2,150,1415.45,0,Loyal Customers
2571,2,73,849.56,0,Loyal Customers
2572,2,72,651.41,0,Loyal Customers
2573,2,129,900.1800000000001,0,Loyal Customers
2574,2,39,799.0,3,Potential Loyalists
2575,2,77,322.64,1,Lost Customers
2576,2,74,631.87,1,Lost Customers
2577,2,87,1220.9099999999999,0,Loyal Customers
2578,2,52,880.97,0,Loyal Customers
2579,2,67,2180.64,0,Loyal Customers
2580,2,52,2190.66,0,Loyal Customers
2581,2,14,282.79,3,Potential Loyalists
2582,2,284,271.28999999999996,1,Lost Customers
2583,2,186,617.6,1,Lost Customers
2584,2,30,399.9,3,Potential Loyalists
2585,2,60,984.62,0,Loyal Customers
2586,2,0,363.66,3,Potential Loyalists
2587,2,105,332.44,1,Lost Customers
2588,2,203,111.0,1,Lost Customers
2589,2,226,400.95,1,Lost Customers
2590,2,41,410.42,3,Potential Loyalists
2591,2,155,336.59999999999997,1,Lost Customers
2592,2,272,194.7,1,Lost Customers
2593,2,13,1755.24,3,Potential Loyalists
2594,2,109,668.23,1,Lost Customers
2595,2,32,1653.3,0,Loyal Customers
2596,2,20,948.42,3,Potential Loyalists
2597,2,29,1863.77,0,Loyal Customers
2598,2,16,640.13,3,Potential Loyalists
2599,2,44,530.9,3,Potential Loyalists
2600,2,226,180.06,1,Lost Customers
2601,2,211,324.19,1,Lost Customers
2602,2,247,304.17,1,Lost Customers
2603,2,116,442.28999999999996,1,Lost Customers
2604,2,63,338.31,1,Lost Customers
2605,2,60,460.95,3,Potential Loyalists
2606,2,34,620.37,3,Potential Loyalists
2607,2,146,175.5,1,Lost Customers
2608,2,3,225.89000000000001,3,Potential Loyalists
2609,2,41,1273.47,0,Loyal Customers
2610,2,36,261.9,3,Potential Loyalists
2611,2,64,273.26,1,Lost Customers
2612,2,11,488.24,3,Potential Loyalists
2613,2,31,289.23,3,Potential Loyalists
2614,2,202,279.7,1,Lost Customers
2615,2,235,655.47,1,Lost Customers
2616,2,3,216.7,3,Potential Loyalists
2617,2,186,582.11,1,Lost Customers
2618,2,55,492.36,3,Potential Loyalists
2619,2,27,1012.22,3,Potential Loyalists
2620,2,105,622.36,1,Lost Customers
2621,2,282,400.8,1,Lost Customers
2622,2,177,935.62,1,Lost Customers
2623,2,4,54.15,3,Potential Loyalists
2624,2,157,365.5,1,Lost Customers
2625,2,301,424.55,1,Lost Customers
2626,2,23,587.69,3,Potential Loyalists
2627,2,98,1950.9499999999998,0,Loyal Customers
2628,2,31,406.3,3,Potential Loyalists
2629,2,368,207.85,1,Lost Customers
2630,2,17,749.0,3,Potential Loyalists
2631,2,18,238.86,3,Potential Loyalists
2632,2,46,232.96,3,Potential Loyalists
2633,2,10,368.31,3,Potential Loyalists
2634,2,31,854.61,3,Potential Loyalists
2635,2,46,761.4100000000001,3,Potential Loyalists
2636,2,1,617.07,3,Potential Loyalists
2637,2,36,1563.3,0,Loyal Customers
2638,2,43,453.45,3,Potential Loyalists
2639,2,16,297.75,3,Potential Loyalists
2640,2,98,296.21000000000004,1,Lost Customers
2641,2,211,1018.42,1,Lost Customers
2642,2,30,508.91,3,Potential Loyalists
2643,2,58,262.32,1,Lost Customers
2644,2,174,482.76,1,Lost Customers
2645,2,24,373.16,3,Potential Loyalists
2646,2,28,843.74,3,Potential Loyalists
2647,2,245,620.96,1,Lost Customers
2648,2,16,359.4,3,Potential Loyalists
2649,2,318,203.14,1,Lost Customers
2650,2,23,560.39,3,Potential Loyalists
2651,2,77,255.03,1,Lost Customers
2652,2,88,423.85,1,Lost Customers
2653,2,15,343.71,3,Potential Loyalists
2654,2,144,640.54,1,Lost Customers
2655,2,69,2605.62,0,Loyal Customers
2656,2,25,597.6,3,Potential Loyalists
2657,2,189,236.56,1,Lost Customers
2658,2,1,249.89000000000001,3,Potential Loyalists
2659,2,13,424.71000000000004,3,Potential Loyalists
2660,2,15,678.55,3,Potential Loyalists
2661,2,270,255.25,1,Lost Customers
2662,2,286,310.46999999999997,1,Lost Customers
2663,2,1,495.72,3,Potential Loyalists
2664,2,69,409.25,1,Lost Customers
2665,2,256,255.59,1,Lost Customers
2666,2,137,736.9300000000001,1,Lost Customers
2667,2,59,1797.92,0,Loyal Customers
2668,2,179,654.32,1,Lost Customers
2669,2,58,456.4,3,Potential Loyalists
2670,2,18,162.8,3,Potential Loyalists
2671,2,30,487.03,3,Potential Loyalists
2672,2,8,504.95,3,Potential Loyalists
2673,2,14,336.59999999999997,3,Potential Loyalists
2674,2,191,641.13,1,Lost Customers
2675,2,0,666.13,3,Potential Loyalists
2676,2,197,2322.43,0,Loyal Customers
2677,2,52,531.49,3,Potential Loyalists
2678,2,15,337.04,3,Potential Loyalists
2679,2,43,1626.08,0,Loyal Customers
2680,2,35,465.84000000000003,3,Potential Loyalists
2681,2,52,1408.96,0,Loyal Customers
2682,2,52,323.09000000000003,3,Potential Loyalists
2683,2,193,496.5,1,Lost Customers
2684,2,365,252.48000000000002,1,Lost Customers
2685,2,63,218.45999999999998,1,Lost Customers
2686,2,74,1302.51,0,Loyal Customers
2687,2,37,190.47000000000003,3,Potential Loyalists
2688,2,25,457.89,3,Potential Loyalists
2689,2,29,524.65,3,Potential Loyalists
2690,2,41,530.5,3,Potential Loyalists
2691,2,165,570.76,1,Lost Customers
2692,2,238,139.85,1,Lost Customers
2693,2,29,399.3,3,Potential Loyalists
2694,2,65,1920.71,0,Loyal Customers
2695,2,20,385.40000000000003,3,Potential Loyalists
2696,2,17,1033.8,3,Potential Loyalists
2697,2,210,1437.43,0,Loyal Customers
2698,2,21,263.49,3,Potential Loyalists
2699,2,197,614.34,1,Lost Customers
2700,2,212,628.09,1,Lost Customers
2701,2,88,406.02,1,Lost Customers
2702,2,35,467.34,3,Potential Loyalists
2703,2,6,2646.02,3,Potential Loyalists
2704,2,100,182.59,1,Lost Customers
2705,2,7,623.0,3,Potential Loyalists
2706,2,67,452.78000000000003,1,Lost Customers
2707,2,314,582.61,1,Lost Customers
2708,2,226,4157.88,0,Loyal Customers
2709,2,231,451.73,1,Lost Customers
2710,2,231,1123.75,1,Lost Customers
2711,2,253,691.6,1,Lost Customers
2712,2,51,552.35,3,Potential Loyalists
2713,2,78,837.0600000000001,0,Loyal Customers
2714,2,95,253.09,1,Lost Customers
2715,2,64,601.97,3,Potential Loyalists
2716,2,65,490.6,1,Lost Customers
2717,2,30,24.35,1,Lost Customers
2718,2,78,604.3299999999999,1,Lost Customers
2719,2,20,121.7,3,Potential Loyalists
2720,2,71,249.65,1,Lost Customers
2721,2,65,1121.24,0,Loyal Customers
2722,2,66,1061.84,0,Loyal Customers
2723,2,70,572.73,1,Lost Customers
2724,2,30,702.96,3,Potential Loyalists
2725,2,43,605.05,3,Potential Loyalists
2726,2,179,664.1999999999999,1,Lost Customers
2727,2,357,475.74,1,Lost Customers
2728,2,307,346.5,1,Lost Customers
2729,2,65,305.9,1,Lost Customers
2730,2,197,618.96,1,Lost Customers
2731,2,253,664.16,1,Lost Customers
2732,2,36,621.5600000000001,3,Potential Loyalists
2733,2,35,773.6800000000001,3,Potential Loyalists
2734,2,27,422.63,3,Potential Loyalists
2735,2,62,913.95,0,Loyal Customers
2736,2,11,605.79,3,Potential Loyalists
2737,2,78,654.96,1,Lost Customers
2738,2,18,705.14,3,Potential Loyalists
2739,2,28,127.45,3,Potential Loyalists
2740,2,53,178.83,1,Lost Customers
2741,2,43,638.6999999999999,3,Potential Loyalists
2742,2,196,191.9,1,Lost Customers
2743,2,51,293.18,3,Potential Loyalists
2744,2,66,485.98,1,Lost Customers
2745,2,6,832.4200000000001,3,Potential Loyalists
2746,2,86,285.6,1,Lost Customers
2747,2,55,571.34,3,Potential Loyalists
2748,2,37,422.19,3,Potential Loyalists
2749,2,57,1658.3700000000001,0,Loyal Customers
2750,2,32,382.66,3,Potential Loyalists
2751,2,9,330.12,3,Potential Loyalists
2752,2,76,608.86,1,Lost Customers
2753,2,37,769.78,3,Potential Loyalists
2754,2,46,880.62,0,Loyal Customers
2755,2,105,555.87,1,Lost Customers
2756,2,9,679.8,3,Potential Loyalists
2757,2,4,279.91,3,Potential Loyalists
2758,2,15,534.53,3,Potential Loyalists
2759,2,63,435.83,1,Lost Customers
2760,2,22,1572.99,0,Loyal Customers
2761,2,163,637.75,1,Lost Customers
2762,2,77,327.84,1,Lost Customers
2763,2,90,382.14,1,Lost Customers
2764,2,88,1286.6200000000001,0,Loyal Customers
2765,2,37,673.6,3,Potential Loyalists
2766,2,42,130.05,1,Lost Customers
2767,2,120,406.4,1,Lost Customers
2768,2,25,434.3,3,Potential Loyalists
2769,2,197,432.45,1,Lost Customers
2770,2,39,357.66,3,Potential Loyalists
2771,2,156,256.7,1,Lost Customers
2772,2,53,425.85,3,Potential Loyalists
2773,2,62,832.8,0,Loyal Customers
2774,2,42,1039.55,0,Loyal Customers
2775,2,227,650.99,1,Lost Customers
2776,2,59,258.96,1,Lost Customers
2777,2,184,1127.45,0,Loyal Customers
2778,2,150,347.59,1,Lost Customers
2779,2,36,503.64,3,Potential Loyalists
2780,2,24,751.5600000000001,3,Potential Loyalists
2781,2,213,155.8,1,Lost Customers
2782,2,62,1020.9000000000001,0,Loyal Customers
2783,2,58,850.34,0,Loyal Customers
2784,2,55,540.87,3,Potential Loyalists
2785,2,8,297.95,3,Potential Loyalists
2786,2,228,341.59,1,Lost Customers
2787,2,79,998.83,0,Loyal Customers
2788,2,35,605.9,3,Potential Loyalists
2789,2,204,372.2,1,Lost Customers
2790,2,217,831.45,1,Lost Customers
2791,2,185,561.25,1,Lost Customers
2792,2,44,393.05,3,Potential Loyalists
2793,2,112,309.1,1,Lost Customers
2794,2,181,195.15,1,Lost Customers
2795,2,8,688.95,3,Potential Loyalists
2796,2,50,880.96,0,Loyal Customers
2797,2,31,301.54,3,Potential Loyalists
2798,2,63,623.98,3,Potential Loyalists
2799,2,46,418.08,3,Potential Loyalists
2800,2,66,2007.84,0,Loyal Customers
2801,2,20,378.28999999999996,3,Potential Loyalists
2802,2,255,258.55,1,Lost Customers
2803,2,56,475.05,3,Potential Loyalists
2804,2,70,433.36,1,Lost Customers
2805,2,81,306.19,1,Lost Customers
2806,2,212,209.4,1,Lost Customers
2807,2,15,303.7,3,Potential Loyalists
2808,2,73,823.53,0,Loyal Customers
2809,2,9,1087.05,3,Potential Loyalists
2810,2,13,417.05,3,Potential Loyalists
2811,2,129,713.0,1,Lost Customers
2812,2,56,543.5699999999999,3,Potential Loyalists
2813,2,253,603.37,1,Lost Customers
2814,2,319,126.45,1,Lost Customers
2815,2,17,1914.8,0,Loyal Customers
2816,2,70,139.2,1,Lost Customers
2817,2,364,1976.0,0,Loyal Customers
2818,2,3,505.8,3,Potential Loyalists
2819,2,128,876.9399999999999,0,Loyal Customers
2820,2,58,329.04,1,Lost Customers
2821,2,92,318.29,1,Lost Customers
2822,2,8,169.79999999999998,3,Potential Loyalists
2823,2,129,184.34,1,Lost Customers
2824,2,216,385.2,1,Lost Customers
2825,2,21,312.62,3,Potential Loyalists
2826,2,196,746.1800000000001,1,Lost Customers
2827,2,265,332.17,1,Lost Customers
2828,2,165,251.71,1,Lost Customers
2829,2,241,24.05,1,Lost Customers
2830,2,225,1402.91,0,Loyal Customers
2831,2,55,746.24,0,Loyal Customers
2832,2,105,712.62,1,Lost Customers
2833,2,69,789.6,0,Loyal Customers
2834,2,239,282.68,1,Lost Customers
2835,2,109,1591.24,0,Loyal Customers
2836,2,114,1818.79,0,Loyal Customers
2837,2,115,551.46,1,Lost Customers
2838,2,58,1361.96,0,Loyal Customers
2839,2,122,1139.28,0,Loyal Customers
2840,2,112,328.95,1,Lost Customers
2841,2,94,821.35,0,Loyal Customers
2842,2,8,401.94,3,Potential Loyalists
2843,2,225,471.19,1,Lost Customers
2844,2,72,465.70000000000005,1,Lost Customers
2845,2,7,748.46,3,Potential Loyalists
2846,2,219,1193.81,0,Loyal Customers
2847,2,218,496.49,1,Lost Customers
2848,2,43,397.62,3,Potential Loyalists
2849,2,212,504.99,1,Lost Customers
2850,2,52,3502.48,0,Loyal Customers
2851,2,361,875.97,1,Lost Customers
2852,2,120,374.05,1,Lost Customers
2853,2,195,507.45,1,Lost Customers
2854,2,7,497.25,3,Potential Loyalists
2855,2,16,301.25,3,Potential Loyalists
2856,2,163,297.0,1,Lost Customers
2857,2,58,769.9200000000001,0,Loyal Customers
2858,2,73,1502.98,0,Loyal Customers
2859,2,25,504.14,3,Potential Loyalists
2860,2,256,686.76,1,Lost Customers
2861,2,2,560.55,3,Potential Loyalists
2862,2,49,460.08,3,Potential Loyalists
2863,2,283,318.34000000000003,1,Lost Customers
2864,2,48,538.81,3,Potential Loyalists
2865,2,85,374.01,1,Lost Customers
2866,2,64,774.4499999999999,0,Loyal Customers
2867,2,107,506.75,1,Lost Customers
2868,2,185,850.86,1,Lost Customers
2869,2,260,1207.34,1,Lost Customers
2870,2,261,230.9,1,Lost Customers
2871,2,87,233.25,1,Lost Customers
2872,2,37,681.65,3,Potential Loyalists
2873,2,7,504.85,3,Potential Loyalists
2874,2,17,309.49,3,Potential Loyalists
2875,2,105,104.0,1,Lost Customers
2876,2,30,247.85,3,Potential Loyalists
2877,2,43,353.1,3,Potential Loyalists
2878,2,74,961.93,0,Loyal Customers
2879,2,45,487.03000000000003,3,Potential Loyalists
2880,2,256,594.62,1,Lost Customers
2881,2,244,680.85,1,Lost Customers
2882,2,28,428.06,3,Potential Loyalists
2883,2,111,1296.43,0,Loyal Customers
2884,2,24,503.15,3,Potential Loyalists
2885,2,16,1798.2,3,Potential Loyalists
2886,2,57,767.98,0,Loyal Customers
2887,2,80,1120.45,0,Loyal Customers
2888,2,23,12079.99,0,Loyal Customers
2889,2,10,343.8,3,Potential Loyalists
2890,1,268,500.24,1,Lost Customers
2891,1,10,300.93,3,Potential Loyalists
2892,1,43,317.76,3,Potential Loyalists
2893,1,202,488.21000000000004,1,Lost Customers
2894,1,50,143.94,1,Lost Customers
2895,1,1,258.9,3,Potential Loyalists
2896,1,14,1938.4,3,Potential Loyalists
2897,1,197,1407.7,1,Lost Customers
2898,1,91,199.85,1,Lost Customers
2899,1,216,267.9,1,Lost Customers
2900,1,277,317.88,1,Lost Customers
2901,1,17,147.45,3,Potential Loyalists
2902,1,256,250.26,1,Lost Customers
2903,1,36,59.400000000000006,1,Lost Customers
2904,1,225,153.0,1,Lost Customers
2905,1,39,240.3,3,Potential Loyalists
2906,1,154,231.33999999999997,1,Lost Customers
2907,1,29,307.55,3,Potential Loyalists
2908,1,212,120.32,1,Lost Customers
2909,1,226,234.75000000000003,1,Lost Customers
2910,1,244,162.72,1,Lost Customers
2911,1,310,176.1,1,Lost Customers
2912,1,98,291.13,1,Lost Customers
2913,1,357,329.58,1,Lost Customers
2914,1,266,724.89,1,Lost Customers
2915,1,260,313.49,1,Lost Customers
2916,1,112,321.59999999999997,1,Lost Customers
2917,1,22,101.16,3,Potential Loyalists
2918,1,29,892.1500000000001,3,Potential Loyalists
2919,1,72,212.17,1,Lost Customers
2920,1,18,549.8100000000001,3,Potential Loyalists
2921,1,70,141.53,1,Lost Customers
2922,1,83,157.2,1,Lost Customers
2923,1,252,632.28,1,Lost Customers
2924,1,212,146.16,1,Lost Customers
2925,1,198,310.83,1,Lost Customers
2926,1,127,263.73,1,Lost Customers
2927,1,272,213.01,1,Lost Customers
2928,1,31,434.78000000000003,3,Potential Loyalists
2929,1,162,75.3,1,Lost Customers
2930,1,181,477.32,1,Lost Customers
2931,1,227,140.55,1,Lost Customers
2932,1,163,241.45,1,Lost Customers
2933,1,7,406.56,3,Potential Loyalists
2934,1,106,110.65,1,Lost Customers
2935,1,231,476.88,1,Lost Customers
2936,1,241,303.63,1,Lost Customers
2937,1,170,396.91,1,Lost Customers
2938,1,142,300.31,1,Lost Customers
2939,1,372,180.45,1,Lost Customers
2940,1,79,192.02,1,Lost Customers
2941,1,261,117.05000000000001,1,Lost Customers
2942,1,162,404.45000000000005,1,Lost Customers
2943,1,72,164.45000000000002,1,Lost Customers
2944,1,309,195.55,1,Lost Customers
2945,1,94,90.65,1,Lost Customers
2946,1,126,275.45,1,Lost Customers
2947,1,72,3138.04,0,Loyal Customers
2948,1,22,765.59,3,Potential Loyalists
2949,1,16,209.49,3,Potential Loyalists
2950,1,158,148.62,1,Lost Customers
2951,1,266,263.5,1,Lost Customers
2952,1,20,224.51,3,Potential Loyalists
2953,1,65,328.77,1,Lost Customers
2954,1,10,416.35,3,Potential Loyalists
2955,1,171,176.34,1,Lost Customers
2956,1,219,405.1,1,Lost Customers
2957,1,66,24.4,1,Lost Customers
2958,1,23,307.12,3,Potential Loyalists
2959,1,135,359.38,1,Lost Customers
2960,1,245,17.65,1,Lost Customers
2961,1,317,117.72,1,Lost Customers
2962,1,111,126.05000000000001,1,Lost Customers
2963,1,112,193.65,1,Lost Customers
2964,1,265,322.69,1,Lost Customers
2965,1,185,90.96,1,Lost Customers
2966,1,74,110.03999999999999,1,Lost Customers
2967,1,22,170.5,3,Potential Loyalists
2968,1,233,178.85,1,Lost Customers
2969,1,371,107.33,1,Lost Customers
2970,1,329,381.66,1,Lost Customers
2971,1,67,171.15,1,Lost Customers
2972,1,288,186.05,1,Lost Customers
2973,1,111,137.8,1,Lost Customers
2974,1,263,123.13,1,Lost Customers
2975,1,24,222.20000000000002,3,Potential Loyalists
2976,1,4,205.65,3,Potential Loyalists
2977,1,226,231.93,1,Lost Customers
2978,1,369,130.32,1,Lost Customers
2979,1,10,259.83,3,Potential Loyalists
2980,1,303,134.9,1,Lost Customers
2981,1,20,885.33,3,Potential Loyalists
2982,1,353,321.88000000000005,1,Lost Customers
2983,1,176,20.6,1,Lost Customers
2984,1,365,234.38,1,Lost Customers
2985,1,127,35.7,1,Lost Customers
2986,1,31,75.0,1,Lost Customers
2987,1,17,309.5,3,Potential Loyalists
2988,1,288,352.821,1,Lost Customers
2989,1,130,190.35,1,Lost Customers
2990,1,109,382.81,1,Lost Customers
2991,1,35,2389.62,0,Loyal Customers
2992,1,70,579.85,1,Lost Customers
2993,1,43,200.26,1,Lost Customers
2994,1,357,310.70000000000005,1,Lost Customers
2995,1,128,216.3,1,Lost Customers
2996,1,133,94.8,1,Lost Customers
2997,1,42,485.86,3,Potential Loyalists
2998,1,66,350.35,1,Lost Customers
2999,1,317,453.38,1,Lost Customers
3000,1,172,134.36,1,Lost Customers
3001,1,8,351.75,3,Potential Loyalists
3002,1,368,188.69,1,Lost Customers
3003,1,360,238.05,1,Lost Customers
3004,1,28,205.8,3,Potential Loyalists
3005,1,281,176.9,1,Lost Customers
3006,1,105,129.85,1,Lost Customers
3007,1,97,136.31,1,Lost Customers
3008,1,7,1056.63,3,Potential Loyalists
3009,1,155,162.24,1,Lost Customers
3010,1,106,178.13,1,Lost Customers
3011,1,71,72.0,1,Lost Customers
3012,1,48,526.96,3,Potential Loyalists
3013,1,186,347.49,1,Lost Customers
3014,1,17,439.33000000000004,3,Potential Loyalists
3015,1,361,313.64,1,Lost Customers
3016,1,52,236.11,1,Lost Customers
3017,1,147,128.31,1,Lost Customers
3018,1,17,295.09000000000003,3,Potential Loyalists
3019,1,261,300.38,1,Lost Customers
3020,1,245,537.58,1,Lost Customers
3021,1,100,161.35,1,Lost Customers
3022,1,30,217.39999999999998,3,Potential Loyalists
3023,1,48,176.69,1,Lost Customers
3024,1,216,154.21,1,Lost Customers
3025,1,120,157.70000000000002,1,Lost Customers
3026,1,29,419.70000000000005,3,Potential Loyalists
3027,1,364,71.78999999999999,1,Lost Customers
3028,1,149,178.48000000000002,1,Lost Customers
3029,1,9,154.72,3,Potential Loyalists
3030,1,226,186.66,1,Lost Customers
3031,1,72,717.57,1,Lost Customers
3032,1,70,975.5,1,Lost Customers
3033,1,135,40.8,1,Lost Customers
3034,1,356,498.5,1,Lost Customers
3035,1,22,321.24,3,Potential Loyalists
3036,1,72,136.65,1,Lost Customers
3037,1,57,63.66,1,Lost Customers
3038,1,114,310.15,1,Lost Customers
3039,1,371,112.03,1,Lost Customers
3040,1,95,306.36,1,Lost Customers
3041,1,253,367.54,1,Lost Customers
3042,1,53,411.0,1,Lost Customers
3043,1,79,235.77,1,Lost Customers
3044,1,368,81.3,1,Lost Customers
3045,1,126,122.39999999999999,1,Lost Customers
3046,1,10,350.52,3,Potential Loyalists
3047,1,181,104.25999999999999,1,Lost Customers
3048,1,234,30.15,1,Lost Customers
3049,1,18,1191.23,3,Potential Loyalists
3050,1,207,142.71,1,Lost Customers
3051,1,265,240.95,1,Lost Customers
3052,1,219,426.85,1,Lost Customers
3053,1,59,1004.88,3,Potential Loyalists
3054,1,303,48.349999999999994,1,Lost Customers
3055,1,71,205.41000000000003,1,Lost Customers
3056,1,48,801.66,3,Potential Loyalists
3057,1,175,385.56,1,Lost Customers
3058,1,60,91.67999999999999,1,Lost Customers
3059,1,227,50.48,1,Lost Customers
3060,1,13,755.15,3,Potential Loyalists
3061,1,58,348.16,1,Lost Customers
3062,1,45,226.42,1,Lost Customers
3063,1,14,109.07,3,Potential Loyalists
3064,1,225,341.9,1,Lost Customers
3065,1,289,116.5,1,Lost Customers
3066,1,48,190.58,1,Lost Customers
3067,1,225,1049.66,1,Lost Customers
3068,1,92,135.4,1,Lost Customers
3069,1,52,199.08,1,Lost Customers
3070,1,111,223.85999999999999,1,Lost Customers
3071,1,204,87.8,1,Lost Customers
3072,1,277,635.9,1,Lost Customers
3073,1,276,23.35,1,Lost Customers
3074,1,49,205.75,1,Lost Customers
3075,1,370,424.03,1,Lost Customers
3076,1,36,137.7,3,Potential Loyalists
3077,1,226,292.21,1,Lost Customers
3078,1,115,188.4,1,Lost Customers
3079,1,48,429.68,3,Potential Loyalists
3080,1,49,458.73,3,Potential Loyalists
3081,1,25,333.82,3,Potential Loyalists
3082,1,177,541.14,1,Lost Customers
3083,1,197,127.2,1,Lost Customers
3084,1,35,69.6,1,Lost Customers
3085,1,65,229.75,1,Lost Customers
3086,1,253,572.3100000000001,1,Lost Customers
3087,1,242,86.10000000000001,1,Lost Customers
3088,1,16,359.69,3,Potential Loyalists
3089,1,78,2803.2,0,Loyal Customers
3090,1,36,414.7,3,Potential Loyalists
3091,1,199,115.31,1,Lost Customers
3092,1,43,105.80000000000001,1,Lost Customers
3093,1,247,129.22,1,Lost Customers
3094,1,42,372.06,3,Potential Loyalists
3095,1,367,190.47,1,Lost Customers
3096,1,144,173.66,1,Lost Customers
3097,1,23,419.22,3,Potential Loyalists
3098,1,227,184.91,1,Lost Customers
3099,1,214,403.39,1,Lost Customers
3100,1,91,319.94,1,Lost Customers
3101,1,256,127.65,1,Lost Customers
3102,1,64,1106.7,3,Potential Loyalists
3103,1,186,209.48,1,Lost Customers
3104,1,301,380.0,1,Lost Customers
3105,1,261,156.6,1,Lost Customers
3106,1,60,295.05,1,Lost Customers
3107,1,85,153.12,1,Lost Customers
3108,1,8,95.29,3,Potential Loyalists
3109,1,32,175.0,3,Potential Loyalists
3110,1,20,172.8,3,Potential Loyalists
3111,1,23,235.25,3,Potential Loyalists
3112,1,359,60.48,1,Lost Customers
3113,1,370,351.3,1,Lost Customers
3114,1,268,334.45,1,Lost Customers
3115,1,170,116.18,1,Lost Customers
3116,1,76,1397.08,0,Loyal Customers
3117,1,319,185.06,1,Lost Customers
3118,1,304,120.6,1,Lost Customers
3119,1,174,299.86,1,Lost Customers
3120,1,71,211.79999999999998,1,Lost Customers
3121,1,234,150.0,1,Lost Customers
3122,1,62,437.4,1,Lost Customers
3123,1,39,310.56,3,Potential Loyalists
3124,1,265,318.06,1,Lost Customers
3125,1,150,161.13,1,Lost Customers
3126,1,57,435.6,1,Lost Customers
3127,1,370,160.39,1,Lost Customers
3128,1,84,678.8,1,Lost Customers
3129,1,155,306.58000000000004,1,Lost Customers
3130,1,221,136.2,1,Lost Customers
3131,1,29,151.05,3,Potential Loyalists
3132,1,364,165.0,1,Lost Customers
3133,1,204,109.2,1,Lost Customers
3134,1,256,98.73,1,Lost Customers
3135,1,314,171.13,1,Lost Customers
3136,1,261,291.5,1,Lost Customers
3137,1,178,225.4,1,Lost Customers
3138,1,42,106.80000000000001,1,Lost Customers
3139,1,41,473.0,3,Potential Loyalists
3140,1,44,490.47,3,Potential Loyalists
3141,1,32,179.4,3,Potential Loyalists
3142,1,50,326.06,1,Lost Customers
3143,1,45,315.98,3,Potential Loyalists
3144,1,10,308.59999999999997,3,Potential Loyalists
3145,1,358,323.25,1,Lost Customers
3146,1,123,93.3,1,Lost Customers
3147,1,72,629.36,1,Lost Customers
3148,1,50,248.65,1,Lost Customers
3149,1,140,79.9,1,Lost Customers
3150,1,293,164.69,1,Lost Customers
3151,1,56,412.08,1,Lost Customers
3152,1,49,136.73,1,Lost Customers
3153,1,244,373.01000000000005,1,Lost Customers
3154,1,366,966.6600000000001,1,Lost Customers
3155,1,319,307.1,1,Lost Customers
3156,1,336,323.40000000000003,1,Lost Customers
3157,1,50,389.12,1,Lost Customers
3158,1,37,81.6,1,Lost Customers
3159,1,290,132.5,1,Lost Customers
3160,1,253,76.23,1,Lost Customers
3161,1,210,516.8,1,Lost Customers
3162,1,212,88.5,1,Lost Customers
3163,1,28,204.25,3,Potential Loyalists
3164,1,64,141.70000000000002,1,Lost Customers
3165,1,287,4376.25,0,Loyal Customers
3166,1,307,234.0,1,Lost Customers
3167,1,7,50.550000000000004,3,Potential Loyalists
3168,1,64,65.3,1,Lost Customers
3169,1,163,759.13,1,Lost Customers
3170,1,366,323.39,1,Lost Customers
3171,1,3,402.36,3,Potential Loyalists
3172,1,64,30.0,1,Lost Customers
3173,1,66,442.32,1,Lost Customers
3174,1,23,239.45999999999998,3,Potential Loyalists
3175,1,57,188.4,1,Lost Customers
3176,1,281,96.0,1,Lost Customers
3177,1,181,126.03,1,Lost Customers
3178,1,305,368.27,1,Lost Customers
3179,1,197,323.8,1,Lost Customers
3180,1,265,1248.48,1,Lost Customers
3181,1,39,147.35,1,Lost Customers
3182,1,276,151.5,1,Lost Customers
3183,1,168,320.25,1,Lost Customers
3184,1,25,157.63,3,Potential Loyalists
3185,1,358,98.30000000000001,1,Lost Customers
3186,1,214,175.25,1,Lost Customers
3187,1,52,335.54,1,Lost Customers
3188,1,83,212.25,1,Lost Customers
3189,1,71,310.3,1,Lost Customers
3190,1,10,355.5,3,Potential Loyalists
3191,1,67,1914.8,0,Loyal Customers
3192,1,361,145.06,1,Lost Customers
3193,1,80,68.44,1,Lost Customers
3194,1,98,104.10000000000001,1,Lost Customers
3195,1,140,180.75,1,Lost Customers
3196,1,189,351.9,1,Lost Customers
3197,1,218,301.9,1,Lost Customers
3198,1,298,237.42,1,Lost Customers
3199,1,315,422.7,1,Lost Customers
3200,1,22,643.0,3,Potential Loyalists
3201,1,46,112.53,1,Lost Customers
3202,1,223,146.56,1,Lost Customers
3203,1,25,228.52,3,Potential Loyalists
3204,1,252,244.31,1,Lost Customers
3205,1,140,3.75,1,Lost Customers
3206,1,50,220.97,1,Lost Customers
3207,1,283,170.3,1,Lost Customers
3208,1,164,259.68,1,Lost Customers
3209,1,212,417.59999999999997,1,Lost Customers
3210,1,171,463.43,1,Lost Customers
3211,1,30,226.91,3,Potential Loyalists
3212,1,260,173.06,1,Lost Customers
3213,1,364,517.7,1,Lost Customers
3214,1,134,289.7,1,Lost Customers
3215,1,80,111.63,1,Lost Customers
3216,1,88,215.22,1,Lost Customers
3217,1,312,106.67999999999999,1,Lost Customers
3218,1,269,279.8,1,Lost Customers
3219,1,233,490.08000000000004,1,Lost Customers
3220,1,24,261.06,3,Potential Loyalists
3221,1,360,93.35000000000001,1,Lost Customers
3222,1,373,246.86,1,Lost Customers
3223,1,67,558.72,1,Lost Customers
3224,1,185,455.57,1,Lost Customers
3225,1,81,161.0,1,Lost Customers
3226,1,80,135.18,1,Lost Customers
3227,1,174,359.35,1,Lost Customers
3228,1,325,202.35000000000002,1,Lost Customers
3229,1,252,571.76,1,Lost Customers
3230,1,30,1331.38,3,Potential Loyalists
3231,1,157,13.919999999999998,1,Lost Customers
3232,1,37,252.68,3,Potential Loyalists
3233,1,268,143.85999999999999,1,Lost Customers
3234,1,50,877.7,3,Potential Loyalists
3235,1,315,76.32000000000001,1,Lost Customers
3236,1,21,295.13,3,Potential Loyalists
3237,1,17,420.75,3,Potential Loyalists
3238,1,72,132.24,1,Lost Customers
3239,1,237,122.45,1,Lost Customers
3240,1,48,385.55,3,Potential Loyalists
3241,1,200,264.15,1,Lost Customers
3242,1,16,113.35,3,Potential Loyalists
3243,1,42,174.16,1,Lost Customers
3244,1,71,391.95,1,Lost Customers
3245,1,44,533.78,3,Potential Loyalists
3246,1,28,51.839999999999996,1,Lost Customers
3247,1,360,497.65000000000003,1,Lost Customers
3248,1,7,207.5,3,Potential Loyalists
3249,1,44,163.65,1,Lost Customers
3250,1,65,228.0,1,Lost Customers
3251,1,373,352.85,1,Lost Customers
3252,1,158,270.0,1,Lost Customers
3253,1,223,62.5,1,Lost Customers
3254,1,309,485.5,1,Lost Customers
3255,1,11,51.410000000000004,3,Potential Loyalists
3256,1,157,460.64,1,Lost Customers
3257,1,63,549.33,1,Lost Customers
3258,1,305,106.75,1,Lost Customers
3259,1,259,180.56,1,Lost Customers
3260,1,91,447.05,1,Lost Customers
3261,1,97,582.64,1,Lost Customers
3262,1,333,327.6,1,Lost Customers
3263,1,41,62.7,1,Lost Customers
3264,1,66,89.65,1,Lost Customers
3265,1,253,253.88,1,Lost Customers
3266,1,253,421.45000000000005,1,Lost Customers
3267,1,55,532.5,1,Lost Customers
3268,1,119,150.95,1,Lost Customers
3269,1,14,211.99,3,Potential Loyalists
3270,1,0,258.75,3,Potential Loyalists
3271,1,291,437.16,1,Lost Customers
3272,1,71,324.45,1,Lost Customers
3273,1,8,304.04,3,Potential Loyalists
3274,1,157,498.96000000000004,1,Lost Customers
3275,1,273,162.45,1,Lost Customers
3276,1,321,181.39,1,Lost Customers
3277,1,28,225.6,3,Potential Loyalists
3278,1,23,316.1,3,Potential Loyalists
3279,1,199,91.8,1,Lost Customers
3280,1,176,896.8000000000001,1,Lost Customers
3281,1,14,462.75,3,Potential Loyalists
3282,1,119,338.65,1,Lost Customers
3283,1,28,471.84000000000003,3,Potential Loyalists
3284,1,162,678.2,1,Lost Customers
3285,1,64,61.28,1,Lost Customers
3286,1,128,321.78,1,Lost Customers
3287,1,20,234.19,3,Potential Loyalists
3288,1,91,134.0,1,Lost Customers
3289,1,360,109.31,1,Lost Customers
3290,1,254,1065.12,1,Lost Customers
3291,1,213,182.1,1,Lost Customers
3292,1,73,11880.84,0,Loyal Customers
3293,1,270,375.5,1,Lost Customers
3294,1,79,349.5,1,Lost Customers
3295,1,31,212.78,3,Potential Loyalists
3296,1,212,266.6,1,Lost Customers
3297,1,228,115.73,1,Lost Customers
3298,1,52,457.7,3,Potential Loyalists
3299,1,25,252.5,3,Potential Loyalists
3300,1,77,352.8,1,Lost Customers
3301,1,359,377.49,1,Lost Customers
3302,1,197,235.78,1,Lost Customers
3303,1,317,107.14,1,Lost Customers
3304,1,316,188.44,1,Lost Customers
3305,1,71,149.75,1,Lost Customers
3306,1,56,102.0,1,Lost Customers
3307,1,216,156.85000000000002,1,Lost Customers
3308,1,57,557.6899999999999,1,Lost Customers
3309,1,39,316.56,3,Potential Loyalists
3310,1,291,205.35999999999999,1,Lost Customers
3311,1,123,420.22,1,Lost Customers
3312,1,7,35.400000000000006,3,Potential Loyalists
3313,1,67,105.56,1,Lost Customers
3314,1,153,14.850000000000001,1,Lost Customers
3315,1,179,271.05,1,Lost Customers
3316,1,14,209.89000000000001,3,Potential Loyalists
3317,1,38,136.01,1,Lost Customers
3318,1,204,162.07,1,Lost Customers
3319,1,25,75.6,3,Potential Loyalists
3320,1,227,35.28,1,Lost Customers
3321,1,29,197.31,3,Potential Loyalists
3322,1,371,181.65,1,Lost Customers
3323,1,175,125.65,1,Lost Customers
3324,1,190,103.95,1,Lost Customers
3325,1,364,204.26,1,Lost Customers
3326,1,357,252.59,1,Lost Customers
3327,1,36,130.95,1,Lost Customers
3328,1,324,76.74000000000001,1,Lost Customers
3329,1,104,450.15999999999997,1,Lost Customers
3330,1,260,2300.4,0,Loyal Customers
3331,1,304,283.79,1,Lost Customers
3332,1,195,217.73,1,Lost Customers
3333,1,70,340.84000000000003,1,Lost Customers
3334,1,60,160.0,1,Lost Customers
3335,1,367,143.70000000000002,1,Lost Customers
3336,1,245,187.35000000000002,1,Lost Customers
3337,1,126,199.45000000000002,1,Lost Customers
3338,1,24,258.65,3,Potential Loyalists
3339,1,244,101.36,1,Lost Customers
3340,1,70,778.49,1,Lost Customers
3341,1,44,251.04,1,Lost Customers
3342,1,267,1460.3600000000001,1,Lost Customers
3343,1,46,355.45,3,Potential Loyalists
3344,1,207,611.08,1,Lost Customers
3345,1,35,223.98,3,Potential Loyalists
3346,1,213,135.39,1,Lost Customers
3347,1,6,39.75,3,Potential Loyalists
3348,1,8,255.0,3,Potential Loyalists
3349,1,261,222.22000000000003,1,Lost Customers
3350,1,246,33.0,1,Lost Customers
3351,1,77,722.5600000000001,1,Lost Customers
3352,1,1,590.0,3,Potential Loyalists
3353,1,56,1325.0,3,Potential Loyalists
3354,1,279,203.2,1,Lost Customers
3355,1,93,353.65,1,Lost Customers
3356,1,338,906.23,1,Lost Customers
3357,1,16,30.300000000000004,3,Potential Loyalists
3358,1,56,192.45,1,Lost Customers
3359,1,200,629.4,1,Lost Customers
3360,1,31,308.2,3,Potential Loyalists
3361,1,262,223.91000000000003,1,Lost Customers
3362,1,56,612.8100000000001,3,Potential Loyalists
3363,1,108,760.1,1,Lost Customers
3364,1,70,919.7,1,Lost Customers
3365,1,78,395.69,1,Lost Customers
3366,1,230,82.2,1,Lost Customers
3367,1,169,150.55,1,Lost Customers
3368,1,49,694.54,3,Potential Loyalists
3369,1,370,20.4,1,Lost Customers
3370,1,16,583.39,3,Potential Loyalists
3371,1,260,169.21,1,Lost Customers
3372,1,22,231.42,3,Potential Loyalists
3373,1,22,329.3,3,Potential Loyalists
3374,1,31,263.38,3,Potential Loyalists
3375,1,210,157.35,1,Lost Customers
3376,1,48,366.4,3,Potential Loyalists
3377,1,57,340.33,1,Lost Customers
3378,1,63,833.53,1,Lost Customers
3379,1,186,1651.72,1,Lost Customers
3380,1,20,286.39,3,Potential Loyalists
3381,1,134,196.25,1,Lost Customers
3382,1,67,189.0,1,Lost Customers
3383,1,21,127.0,3,Potential Loyalists
3384,1,63,394.37,1,Lost Customers
3385,1,114,376.34,1,Lost Customers
3386,1,258,285.84000000000003,1,Lost Customers
3387,1,105,934.23,1,Lost Customers
3388,1,309,349.25,1,Lost Customers
3389,1,308,221.69,1,Lost Customers
3390,1,169,110.95,1,Lost Customers
3391,1,151,151.17,1,Lost Customers
3392,1,14,256.55,3,Potential Loyalists
3393,1,57,165.0,1,Lost Customers
3394,1,56,1041.21,3,Potential Loyalists
3395,1,79,107.0,1,Lost Customers
3396,1,261,71.4,1,Lost Customers
3397,1,44,360.85,3,Potential Loyalists
3398,1,185,13.52,1,Lost Customers
3399,1,240,324.51,1,Lost Customers
3400,1,74,350.85,1,Lost Customers
3401,1,41,181.05,1,Lost Customers
3402,1,235,734.91,1,Lost Customers
3403,1,358,307.95,1,Lost Customers
3404,1,73,208.63,1,Lost Customers
3405,1,281,815.79,1,Lost Customers
3406,1,16,186.3,3,Potential Loyalists
3407,1,14,451.28999999999996,3,Potential Loyalists
3408,1,84,289.48,1,Lost Customers
3409,1,72,230.17000000000002,1,Lost Customers
3410,1,64,81.36,1,Lost Customers
3411,1,186,242.06,1,Lost Customers
3412,1,360,360.61,1,Lost Customers
3413,1,211,552.4,1,Lost Customers
3414,1,77,210.5,1,Lost Customers
3415,1,198,36.13,1,Lost Customers
3416,1,290,230.4,1,Lost Customers
3417,1,298,107.62,1,Lost Customers
3418,1,48,179.4,1,Lost Customers
3419,1,338,167.27,1,Lost Customers
3420,1,367,163.77,1,Lost Customers
3421,1,23,404.55,3,Potential Loyalists
3422,1,121,139.95000000000002,1,Lost Customers
3423,1,51,651.4,3,Potential Loyalists
3424,1,16,319.75,3,Potential Loyalists
3425,1,34,442.73,3,Potential Loyalists
3426,1,354,310.72,1,Lost Customers
3427,1,7,127.2,3,Potential Loyalists
3428,1,164,314.7,1,Lost Customers
3429,1,239,1954.99,1,Lost Customers
3430,1,213,306.0,1,Lost Customers
3431,1,31,2253.22,0,Loyal Customers
3432,1,372,221.53,1,Lost Customers
3433,1,21,128.45,3,Potential Loyalists
3434,1,80,232.85,1,Lost Customers
3435,1,316,337.66999999999996,1,Lost Customers
3436,1,74,363.38,1,Lost Customers
3437,1,18,222.4,3,Potential Loyalists
3438,1,373,128.60000000000002,1,Lost Customers
3439,1,32,302.65000000000003,3,Potential Loyalists
3440,1,18,176.9,3,Potential Loyalists
3441,1,50,630.77,3,Potential Loyalists
3442,1,298,269.21000000000004,1,Lost Customers
3443,1,85,426.53000000000003,1,Lost Customers
3444,1,296,342.4,1,Lost Customers
3445,1,65,314.67,1,Lost Customers
3446,1,294,51.0,1,Lost Customers
3447,1,134,256.95,1,Lost Customers
3448,1,368,204.24,1,Lost Customers
3449,1,65,250.85,1,Lost Customers
3450,1,324,266.05,1,Lost Customers
3451,1,214,711.23,1,Lost Customers
3452,1,58,474.03,1,Lost Customers
3453,1,24,481.58,3,Potential Loyalists
3454,1,298,174.95,1,Lost Customers
3455,1,60,227.97,1,Lost Customers
3456,1,137,197.57,1,Lost Customers
3457,1,231,294.74,1,Lost Customers
3458,1,361,228.34,1,Lost Customers
3459,1,45,133.18,1,Lost Customers
3460,1,260,273.35,1,Lost Customers
3461,1,197,203.05,1,Lost Customers
3462,1,43,225.3,1,Lost Customers
3463,1,371,120.0,1,Lost Customers
3464,1,35,548.5,3,Potential Loyalists
3465,1,15,228.07,3,Potential Loyalists
3466,1,280,395.5,1,Lost Customers
3467,1,18,147.27,3,Potential Loyalists
3468,1,93,575.1,1,Lost Customers
3469,1,328,54.22,1,Lost Customers
3470,1,254,68.25,1,Lost Customers
3471,1,143,152.45,1,Lost Customers
3472,1,227,235.88,1,Lost Customers
3473,1,58,100.2,1,Lost Customers
3474,1,168,582.17,1,Lost Customers
3475,1,357,424.3,1,Lost Customers
3476,1,24,346.73,3,Potential Loyalists
3477,1,21,662.4000000000001,3,Potential Loyalists
3478,1,283,389.78,1,Lost Customers
3479,1,22,765.36,3,Potential Loyalists
3480,1,310,208.0,1,Lost Customers
3481,1,233,703.22,1,Lost Customers
3482,1,237,329.22,1,Lost Customers
3483,1,291,293.53,1,Lost Customers
3484,1,279,594.0,1,Lost Customers
3485,1,63,239.9,1,Lost Customers
3486,1,9,2945.38,3,Potential Loyalists
3487,1,272,405.0,1,Lost Customers
3488,1,59,553.85,1,Lost Customers
3489,1,16,304.95,3,Potential Loyalists
3490,1,224,190.75,1,Lost Customers
3491,1,15,145.01,3,Potential Loyalists
3492,1,80,330.0,1,Lost Customers
3493,1,112,148.95,1,Lost Customers
3494,1,260,388.55,1,Lost Customers
3495,1,46,530.47,3,Potential Loyalists
3496,1,286,3537.821,0,Loyal Customers
3497,1,67,262.24,1,Lost Customers
3498,1,38,516.28,3,Potential Loyalists
3499,1,204,528.5600000000001,1,Lost Customers
3500,1,317,15.58,1,Lost Customers
3501,1,133,400.2,1,Lost Customers
3502,1,213,320.95,1,Lost Customers
3503,1,37,314.74,3,Potential Loyalists
3504,1,155,31.85,1,Lost Customers
3505,1,77,212.1,1,Lost Customers
3506,1,297,231.68,1,Lost Customers
3507,1,86,143.10000000000002,1,Lost Customers
3508,1,370,231.90000000000003,1,Lost Customers
3509,1,60,327.0,1,Lost Customers
3510,1,165,549.88,1,Lost Customers
3511,1,126,591.87,1,Lost Customers
3512,1,79,856.01,1,Lost Customers
3513,1,178,114.69,1,Lost Customers
3514,1,169,6.300000000000001,1,Lost Customers
3515,1,36,364.45,3,Potential Loyalists
3516,1,266,248.65,1,Lost Customers
3517,1,3,214.07999999999998,3,Potential Loyalists
3518,1,8,369.5,3,Potential Loyalists
3519,1,7,127.08,3,Potential Loyalists
3520,1,366,102.82,1,Lost Customers
3521,1,177,134.44,1,Lost Customers
3522,1,282,106.54,1,Lost Customers
3523,1,3,56.25,3,Potential Loyalists
3524,1,161,95.45,1,Lost Customers
3525,1,185,92.30000000000001,1,Lost Customers
3526,1,35,61.72,1,Lost Customers
3527,1,67,240.68,1,Lost Customers
3528,1,92,258.6,1,Lost Customers
3529,1,227,129.48000000000002,1,Lost Customers
3530,1,88,277.4,1,Lost Customers
3531,1,360,31.929999999999996,1,Lost Customers
3532,1,370,429.66,1,Lost Customers
3533,1,372,150.68,1,Lost Customers
3534,1,58,270.8,1,Lost Customers
3535,1,207,237.78,1,Lost Customers
3536,1,324,183.20000000000002,1,Lost Customers
3537,1,65,53.65,1,Lost Customers
3538,1,140,119.5,1,Lost Customers
3539,1,366,432.96,1,Lost Customers
3540,1,161,263.76,1,Lost Customers
3541,1,171,75.28,1,Lost Customers
3542,1,254,96.6,1,Lost Customers
3543,1,51,144.9,1,Lost Customers
3544,1,135,1071.82,1,Lost Customers
3545,1,28,1092.81,3,Potential Loyalists
3546,1,18,330.35,3,Potential Loyalists
3547,1,93,540.52,1,Lost Customers
3548,1,290,562.98,1,Lost Customers
3549,1,62,327.75,1,Lost Customers
3550,1,217,135.04000000000002,1,Lost Customers
3551,1,55,160.65,1,Lost Customers
3552,1,287,292.62,1,Lost Customers
3553,1,30,111.15,3,Potential Loyalists
3554,1,27,251.72,3,Potential Loyalists
3555,1,99,186.15,1,Lost Customers
3556,1,189,63.6,1,Lost Customers
3557,1,296,159.68,1,Lost Customers
3558,1,246,128.07999999999998,1,Lost Customers
3559,1,136,100.86,1,Lost Customers
3560,1,216,131.15,1,Lost Customers
3561,1,231,284.86,1,Lost Customers
3562,1,27,249.58,3,Potential Loyalists
3563,1,86,124.75,1,Lost Customers
3564,1,324,310.26,1,Lost Customers
3565,1,72,33.099999999999994,1,Lost Customers
3566,1,281,108.52,1,Lost Customers
3567,1,4,329.03000000000003,3,Potential Loyalists
3568,1,304,128.2,1,Lost Customers
3569,1,116,305.28000000000003,1,Lost Customers
3570,1,231,130.6,1,Lost Customers
3571,1,324,200.18,1,Lost Customers
3572,1,116,181.89000000000001,1,Lost Customers
3573,1,63,68.03,1,Lost Customers
3574,1,91,120.44,1,Lost Customers
3575,1,90,221.65,1,Lost Customers
3576,1,21,189.93,3,Potential Loyalists
3577,1,35,165.45000000000002,3,Potential Loyalists
3578,1,367,312.65,1,Lost Customers
3579,1,44,42.0,1,Lost Customers
3580,1,326,136.8,1,Lost Customers
3581,1,58,124.95,1,Lost Customers
3582,1,141,42.22,1,Lost Customers
3583,1,29,70.80000000000001,3,Potential Loyalists
3584,1,20,491.81,3,Potential Loyalists
3585,1,371,204.3,1,Lost Customers
3586,1,59,141.12,1,Lost Customers
3587,1,30,465.4,3,Potential Loyalists
3588,1,18,114.1,3,Potential Loyalists
3589,1,37,502.49,3,Potential Loyalists
3590,1,161,96.55,1,Lost Customers
3591,1,111,340.48,1,Lost Customers
3592,1,65,273.48,1,Lost Customers
3593,1,67,438.46,1,Lost Customers
3594,1,16,244.44000000000003,3,Potential Loyalists
3595,1,218,94.53,1,Lost Customers
3596,1,261,171.47,1,Lost Customers
3597,1,203,943.97,1,Lost Customers
3598,1,10,1108.82,3,Potential Loyalists
3599,1,372,80.4,1,Lost Customers
3600,1,46,120.95,1,Lost Customers
3601,1,144,221.59,1,Lost Customers
3602,1,59,268.28,1,Lost Customers
3603,1,100,280.7,1,Lost Customers
3604,1,136,90.42,1,Lost Customers
3605,1,188,182.64000000000001,1,Lost Customers
3606,1,263,381.0,1,Lost Customers
3607,1,56,1533.8899999999999,0,Loyal Customers
3608,1,164,219.35,1,Lost Customers
3609,1,169,111.5,1,Lost Customers
3610,1,283,2135.46,1,Lost Customers
3611,1,200,25.2,1,Lost Customers
3612,1,73,118.85999999999999,1,Lost Customers
3613,1,13,188.46,3,Potential Loyalists
3614,1,365,338.13,1,Lost Customers
3615,1,259,131.15,1,Lost Customers
3616,1,164,1230.33,1,Lost Customers
3617,1,36,198.29,3,Potential Loyalists
3618,1,4,151.44,3,Potential Loyalists
3619,1,20,107.01,3,Potential Loyalists
3620,1,256,137.99,1,Lost Customers
3621,1,161,109.73,1,Lost Customers
3622,1,41,328.13,3,Potential Loyalists
3623,1,120,385.03000000000003,1,Lost Customers
3624,1,67,281.76,1,Lost Customers
3625,1,16,132.65,3,Potential Loyalists
3626,1,122,152.2,1,Lost Customers
3627,1,35,306.64,3,Potential Loyalists
3628,1,238,325.24,1,Lost Customers
3629,1,42,195.0,1,Lost Customers
3630,1,29,172.6,3,Potential Loyalists
3631,1,365,233.53000000000003,1,Lost Customers
3632,1,36,262.4,3,Potential Loyalists
3633,1,181,1575.26,1,Lost Customers
3634,1,244,728.5,1,Lost Customers
3635,1,48,398.52,3,Potential Loyalists
3636,1,45,266.93,1,Lost Customers
3637,1,169,426.47,1,Lost Customers
3638,1,67,62.4,1,Lost Customers
3639,1,53,537.1999999999999,3,Potential Loyalists
3640,1,223,340.5,1,Lost Customers
3641,1,38,603.75,3,Potential Loyalists
3642,1,44,731.36,3,Potential Loyalists
3643,1,66,510.20000000000005,1,Lost Customers
3644,1,176,7.49,1,Lost Customers
3645,1,72,359.27,1,Lost Customers
3646,1,22,524.65,3,Potential Loyalists
3647,1,17,202.85,3,Potential Loyalists
3648,1,135,58.5,1,Lost Customers
3649,1,211,135.6,1,Lost Customers
3650,1,67,266.4,1,Lost Customers
3651,1,199,93.8,1,Lost Customers
3652,1,287,285.6,1,Lost Customers
3653,1,308,104.7,1,Lost Customers
3654,1,85,168.69000000000003,1,Lost Customers
3655,1,91,1895.0,0,Loyal Customers
3656,1,120,282.3,1,Lost Customers
3657,1,199,124.25,1,Lost Customers
3658,1,170,98.7,1,Lost Customers
3659,1,302,55.5,1,Lost Customers
3660,1,92,519.45,1,Lost Customers
3661,1,233,337.4,1,Lost Customers
3662,1,107,81.12,1,Lost Customers
3663,1,363,299.74,1,Lost Customers
3664,1,331,36.25,1,Lost Customers
3665,1,21,273.31,3,Potential Loyalists
3666,1,283,156.6,1,Lost Customers
3667,1,55,124.45,1,Lost Customers
3668,1,360,157.32999999999998,1,Lost Customers
3669,1,304,29.1,1,Lost Customers
3670,1,88,110.69999999999999,1,Lost Customers
3671,1,102,171.15,1,Lost Customers
3672,1,20,126.35000000000001,3,Potential Loyalists
3673,1,79,109.47,1,Lost Customers
3674,1,230,179.52,1,Lost Customers
3675,1,3,98.7,3,Potential Loyalists
3676,1,155,113.64999999999999,1,Lost Customers
3677,1,2,111.25,3,Potential Loyalists
3678,1,14,198.47,3,Potential Loyalists
3679,1,312,281.05,1,Lost Customers
3680,1,0,308.28000000000003,3,Potential Loyalists
3681,1,6,754.87,3,Potential Loyalists
3682,1,55,149.3,1,Lost Customers
3683,1,85,168.65,1,Lost Customers
3684,1,4,320.08,3,Potential Loyalists
3685,1,10,949.82,3,Potential Loyalists
3686,1,79,1013.58,1,Lost Customers
3687,1,77,143.05,1,Lost Customers
3688,1,301,370.63,1,Lost Customers
3689,1,247,321.45,1,Lost Customers
3690,1,53,280.88,1,Lost Customers
3691,1,44,138.84,1,Lost Customers
3692,1,266,45.6,1,Lost Customers
3693,1,66,307.95,1,Lost Customers
3694,1,65,1399.36,0,Loyal Customers
3695,1,143,221.82999999999998,1,Lost Customers
3696,1,21,195.0,3,Potential Loyalists
3697,1,59,656.16,1,Lost Customers
3698,1,9,902.35,3,Potential Loyalists
3699,1,213,214.70999999999998,1,Lost Customers
3700,1,160,136.0,1,Lost Customers
3701,1,9,10.95,3,Potential Loyalists
3702,1,20,266.8,3,Potential Loyalists
3703,1,46,331.35,3,Potential Loyalists
3704,1,164,369.68,1,Lost Customers
3705,1,143,97.5,1,Lost Customers
3706,1,51,516.87,3,Potential Loyalists
3707,1,133,100.0,1,Lost Customers
3708,1,7,155.35,3,Potential Loyalists
3709,1,260,1201.52,1,Lost Customers
3710,1,175,254.55,1,Lost Customers
3711,1,79,268.27,1,Lost Customers
3712,1,90,347.8,1,Lost Customers
3713,1,176,114.85,1,Lost Customers
3714,1,85,118.95,1,Lost Customers
3715,1,90,979.1999999999999,1,Lost Customers
3716,1,30,231.34,3,Potential Loyalists
3717,1,66,260.45,1,Lost Customers
3718,1,258,200.63,1,Lost Customers
3719,1,18,233.84,3,Potential Loyalists
3720,1,35,92.6,1,Lost Customers
3721,1,25,321.91,3,Potential Loyalists
3722,1,188,125.3,1,Lost Customers
3723,1,56,327.68,1,Lost Customers
3724,1,254,156.87,1,Lost Customers
3725,1,175,293.79,1,Lost Customers
3726,1,185,140.49,1,Lost Customers
3727,1,178,305.28000000000003,1,Lost Customers
3728,1,156,829.25,1,Lost Customers
3729,1,367,293.35,1,Lost Customers
3730,1,46,552.9,3,Potential Loyalists
3731,1,183,164.18,1,Lost Customers
3732,1,22,206.60000000000002,3,Potential Loyalists
3733,1,28,420.54,3,Potential Loyalists
3734,1,14,449.81,3,Potential Loyalists
3735,1,311,310.14,1,Lost Customers
3736,1,71,312.93,1,Lost Customers
3737,1,246,405.0,1,Lost Customers
3738,1,203,617.83,1,Lost Customers
3739,1,254,365.1,1,Lost Customers
3740,1,312,91.14,1,Lost Customers
3741,1,83,213.0,1,Lost Customers
3742,1,176,108.0,1,Lost Customers
3743,1,318,215.46,1,Lost Customers
3744,1,256,131.25,1,Lost Customers
3745,1,317,48.96,1,Lost Customers
3746,1,86,423.26,1,Lost Customers
3747,1,25,578.14,3,Potential Loyalists
3748,1,204,245.48000000000002,1,Lost Customers
3749,1,73,445.05,1,Lost Customers
3750,1,225,339.75,1,Lost Customers
3751,1,52,638.11,3,Potential Loyalists
3752,1,16,213.08,3,Potential Loyalists
3753,1,30,102.6,3,Potential Loyalists
3754,1,10,57.8,3,Potential Loyalists
3755,1,109,321.65000000000003,1,Lost Customers
3756,1,263,224.81,1,Lost Customers
3757,1,234,1047.0,1,Lost Customers
3758,1,267,389.26000000000005,1,Lost Customers
3759,1,79,370.40999999999997,1,Lost Customers
3760,1,49,177.69,1,Lost Customers
3761,1,290,325.74,1,Lost Customers
3762,1,184,137.16,1,Lost Customers
3763,1,225,277.93,1,Lost Customers
3764,1,52,186.94,1,Lost Customers
3765,1,238,508.55,1,Lost Customers
3766,1,304,313.35,1,Lost Customers
3767,1,13,182.62,3,Potential Loyalists
3768,1,217,310.83,1,Lost Customers
3769,1,53,190.57,1,Lost Customers
3770,1,252,266.93,1,Lost Customers
3771,1,294,37.5,1,Lost Customers
3772,1,324,246.75,1,Lost Customers
3773,1,259,46.2,1,Lost Customers
3774,1,224,194.6,1,Lost Customers
3775,1,52,898.87,3,Potential Loyalists
3776,1,363,160.55,1,Lost Customers
3777,1,276,336.5,1,Lost Customers
3778,1,6,89.14,3,Potential Loyalists
3779,1,55,134.6,1,Lost Customers
3780,1,272,110.95,1,Lost Customers
3781,1,56,973.68,3,Potential Loyalists
3782,1,191,152.15,1,Lost Customers
3783,1,360,45.300000000000004,1,Lost Customers
3784,1,303,93.35000000000001,1,Lost Customers
3785,1,364,347.54,1,Lost Customers
3786,1,97,318.65,1,Lost Customers
3787,1,45,168.73,1,Lost Customers
3788,1,163,112.34,1,Lost Customers
3789,1,331,658.95,1,Lost Customers
3790,1,23,462.08,3,Potential Loyalists
3791,1,231,301.26,1,Lost Customers
3792,1,184,120.05,1,Lost Customers
3793,1,20,100.91000000000001,3,Potential Loyalists
3794,1,136,54.699999999999996,1,Lost Customers
3795,1,25,309.16,3,Potential Loyalists
3796,1,196,718.51,1,Lost Customers
3797,1,55,206.07999999999998,1,Lost Customers
3798,1,85,55.980000000000004,1,Lost Customers
3799,1,55,90.0,1,Lost Customers
3800,1,255,487.34999999999997,1,Lost Customers
3801,1,371,228.3,1,Lost Customers
3802,1,63,217.03,1,Lost Customers
3803,1,84,572.77,1,Lost Customers
3804,1,44,389.18,3,Potential Loyalists
3805,1,69,34.8,1,Lost Customers
3806,1,171,339.88,1,Lost Customers
3807,1,63,310.75,1,Lost Customers
3808,1,371,82.6,1,Lost Customers
3809,1,95,158.02,1,Lost Customers
3810,1,37,721.28,3,Potential Loyalists
3811,1,169,320.0,1,Lost Customers
3812,1,212,246.54,1,Lost Customers
3813,1,144,119.86,1,Lost Customers
3814,1,14,142.77,3,Potential Loyalists
3815,1,367,34.0,1,Lost Customers
3816,1,28,259.17,3,Potential Loyalists
3817,1,147,167.62,1,Lost Customers
3818,1,288,200.43,1,Lost Customers
3819,1,10,221.10999999999999,3,Potential Loyalists
3820,1,59,494.85,1,Lost Customers
3821,1,42,375.34,3,Potential Loyalists
3822,1,221,131.83,1,Lost Customers
3823,1,268,374.45,1,Lost Customers
3824,1,16,100.0,3,Potential Loyalists
3825,1,177,205.23999999999998,1,Lost Customers
3826,1,302,171.7,1,Lost Customers
3827,1,20,65.34,3,Potential Loyalists
3828,1,39,218.35,3,Potential Loyalists
3829,1,108,330.79,1,Lost Customers
3830,1,56,391.72,1,Lost Customers
3831,1,279,295.05,1,Lost Customers
3832,1,277,596.67,1,Lost Customers
3833,1,18,311.1,3,Potential Loyalists
3834,1,30,100.35,3,Potential Loyalists
3835,1,364,105.78000000000002,1,Lost Customers
3836,1,50,169.0,1,Lost Customers
3837,1,261,241.89999999999998,1,Lost Customers
3838,1,312,579.6,1,Lost Customers
3839,1,122,357.6,1,Lost Customers
3840,1,210,238.8,1,Lost Customers
3841,1,29,1248.42,3,Potential Loyalists
3842,1,241,2622.481,0,Loyal Customers
3843,1,230,211.15,1,Lost Customers
3844,1,36,619.5,3,Potential Loyalists
3845,1,195,135.95,1,Lost Customers
3846,1,65,312.68,1,Lost Customers
3847,1,114,187.51999999999998,1,Lost Customers
3848,1,62,307.34,1,Lost Customers
3849,1,80,488.32,1,Lost Customers
3850,1,283,40.0,1,Lost Customers
3851,1,254,167.4,1,Lost Customers
3852,1,263,176.71,1,Lost Customers
3853,1,373,148.3,1,Lost Customers
3854,1,16,409.98,3,Potential Loyalists
3855,1,112,52.05,1,Lost Customers
3856,1,15,297.07,3,Potential Loyalists
3857,1,225,160.75,1,Lost Customers
3858,1,372,87.30000000000001,1,Lost Customers
3859,1,11,333.81,3,Potential Loyalists
3860,1,213,304.38,1,Lost Customers
3861,1,71,162.0,1,Lost Customers
3862,1,11,95.96,3,Potential Loyalists
3863,1,182,46.5,1,Lost Customers
3864,1,66,424.26,1,Lost Customers
3865,1,6,135.32999999999998,3,Potential Loyalists
3866,1,67,492.1,1,Lost Customers
3867,1,202,206.19,1,Lost Customers
3868,1,65,109.80000000000001,1,Lost Customers
3869,1,58,322.93,1,Lost Customers
3870,1,63,40.56,1,Lost Customers
3871,1,105,354.85,1,Lost Customers
3872,1,74,295.73,1,Lost Customers
3873,1,44,101.86,1,Lost Customers
3874,1,237,254.0,1,Lost Customers
3875,1,113,296.36,1,Lost Customers
3876,1,367,191.74,1,Lost Customers
3877,1,154,304.97,1,Lost Customers
3878,1,70,193.25,1,Lost Customers
3879,1,317,21.0,1,Lost Customers
3880,1,39,415.79,3,Potential Loyalists
3881,1,23,417.8,3,Potential Loyalists
3882,1,195,140.14,1,Lost Customers
3883,1,373,141.0,1,Lost Customers
3884,1,274,249.8,1,Lost Customers
3885,1,69,97.05000000000001,1,Lost Customers
3886,1,161,1950.98,0,Loyal Customers
3887,1,58,261.35,1,Lost Customers
3888,1,20,418.87,3,Potential Loyalists
3889,1,193,385.19,1,Lost Customers
3890,1,50,692.3,3,Potential Loyalists
3891,1,245,433.71999999999997,1,Lost Customers
3892,1,73,317.11,1,Lost Customers
3893,1,254,30.1,1,Lost Customers
3894,1,258,162.4,1,Lost Customers
3895,1,274,202.68,1,Lost Customers
3896,1,203,1109.4,1,Lost Customers
3897,1,147,311.37,1,Lost Customers
3898,1,360,162.25,1,Lost Customers
3899,1,44,259.09,1,Lost Customers
3900,1,10,247.38,3,Potential Loyalists
3901,1,94,114.4,1,Lost Customers
3902,1,128,563.1,1,Lost Customers
3903,1,321,256.6,1,Lost Customers
3904,1,44,205.83,1,Lost Customers
3905,1,43,245.15,3,Potential Loyalists
3906,1,288,704.4,1,Lost Customers
3907,1,67,601.03,1,Lost Customers
3908,1,181,1000.63,1,Lost Customers
3909,1,27,538.4,3,Potential Loyalists
3910,1,279,299.83,1,Lost Customers
3911,1,294,307.21000000000004,1,Lost Customers
3912,1,336,518.14,1,Lost Customers
3913,1,18,383.96999999999997,3,Potential Loyalists
3914,1,36,204.62,3,Potential Loyalists
3915,1,246,209.4,1,Lost Customers
3916,1,107,139.8,1,Lost Customers
3917,1,37,424.71,3,Potential Loyalists
3918,1,276,219.87,1,Lost Customers
3919,1,3,300.66,3,Potential Loyalists
3920,1,238,301.65,1,Lost Customers
3921,1,55,432.68,1,Lost Customers
3922,1,28,304.2,3,Potential Loyalists
3923,1,65,126.0,1,Lost Customers
3924,1,372,163.47,1,Lost Customers
3925,1,230,158.09,1,Lost Customers
3926,1,15,152.41,3,Potential Loyalists
3927,1,22,171.81,3,Potential Loyalists
3928,1,288,82.4,1,Lost Customers
3929,1,262,151.45,1,Lost Customers
3930,1,241,151.4,1,Lost Customers
3931,1,368,147.4,1,Lost Customers
3932,1,36,1993.34,0,Loyal Customers
3933,1,70,384.26,1,Lost Customers
3934,1,31,85.6,3,Potential Loyalists
3935,1,58,123.66,1,Lost Customers
3936,1,217,264.13,1,Lost Customers
3937,1,76,770.34,1,Lost Customers
3938,1,85,309.91,1,Lost Customers
3939,1,58,293.5,1,Lost Customers
3940,1,227,163.2,1,Lost Customers
3941,1,56,376.92,1,Lost Customers
3942,1,56,157.85999999999999,1,Lost Customers
3943,1,58,357.15,1,Lost Customers
3944,1,331,120.0,1,Lost Customers
3945,1,295,366.41999999999996,1,Lost Customers
3946,1,16,350.99,3,Potential Loyalists
3947,1,252,379.2,1,Lost Customers
3948,1,32,339.34,3,Potential Loyalists
3949,1,322,157.8,1,Lost Customers
3950,1,91,129.75,1,Lost Customers
3951,1,83,156.37,1,Lost Customers
3952,1,10,102.0,3,Potential Loyalists
3953,1,231,438.65000000000003,1,Lost Customers
3954,1,211,637.2,1,Lost Customers
3955,1,139,299.02,1,Lost Customers
3956,1,39,104.19999999999999,1,Lost Customers
3957,1,53,296.1,1,Lost Customers
3958,1,83,229.2,1,Lost Customers
3959,1,15,326.74,3,Potential Loyalists
3960,1,162,358.15,1,Lost Customers
3961,1,162,102.0,1,Lost Customers
3962,1,314,231.32,1,Lost Customers
3963,1,65,210.85,1,Lost Customers
3964,1,14,246.5,3,Potential Loyalists
3965,1,266,146.14000000000001,1,Lost Customers
3966,1,358,158.65,1,Lost Customers
3967,1,361,116.26,1,Lost Customers
3968,1,79,274.8,1,Lost Customers
3969,1,230,150.35,1,Lost Customers
3970,1,289,154.25,1,Lost Customers
3971,1,365,327.38,1,Lost Customers
3972,1,36,299.53,3,Potential Loyalists
3973,1,181,351.66,1,Lost Customers
3974,1,228,167.35,1,Lost Customers
3975,1,267,818.29,1,Lost Customers
3976,1,23,119.92,3,Potential Loyalists
3977,1,366,312.9,1,Lost Customers
3978,1,8,487.75,3,Potential Loyalists
3979,1,29,80.28,3,Potential Loyalists
3980,1,191,166.63,1,Lost Customers
3981,1,28,502.52,3,Potential Loyalists
3982,1,77,889.44,1,Lost Customers
3983,1,67,304.18,1,Lost Customers
3984,1,27,187.3,3,Potential Loyalists
3985,1,296,197.70000000000002,1,Lost Customers
3986,1,147,93.49,1,Lost Customers
3987,1,185,112.86,1,Lost Customers
3988,1,6,736.28,3,Potential Loyalists
3989,1,296,171.25,1,Lost Customers
3990,1,31,356.8,3,Potential Loyalists
3991,1,46,519.8100000000001,3,Potential Loyalists
3992,1,28,591.96,3,Potential Loyalists
3993,1,372,124.78,1,Lost Customers
3994,1,9,180.60999999999999,3,Potential Loyalists
3995,1,41,334.62,3,Potential Loyalists
3996,1,83,980.25,1,Lost Customers
3997,1,135,175.78,1,Lost Customers
3998,1,83,468.5,1,Lost Customers
3999,1,317,129.23,1,Lost Customers
4000,1,43,249.24,3,Potential Loyalists
4001,1,279,70.0,1,Lost Customers
4002,1,317,77.52,1,Lost Customers
4003,1,216,178.07,1,Lost Customers
4004,1,45,141.85,1,Lost Customers
4005,1,175,232.05,1,Lost Customers
4006,1,311,282.76,1,Lost Customers
4007,1,284,368.4,1,Lost Customers
4008,1,210,583.56,1,Lost Customers
4009,1,309,294.17,1,Lost Customers
4010,1,253,126.89,1,Lost Customers
4011,1,232,38.25,1,Lost Customers
4012,1,37,208.79999999999998,3,Potential Loyalists
4013,1,80,502.45,1,Lost Customers
4014,1,27,962.97,3,Potential Loyalists
4015,1,73,335.7,1,Lost Customers
4016,1,186,415.31,1,Lost Customers
4017,1,80,1119.6599999999999,1,Lost Customers
4018,1,39,1192.2,3,Potential Loyalists
4019,1,49,310.74,1,Lost Customers
4020,1,301,79.9,1,Lost Customers
4021,1,23,293.74,3,Potential Loyalists
4022,1,356,131.25,1,Lost Customers
4023,1,98,214.44,1,Lost Customers
4024,1,137,153.24,1,Lost Customers
4025,1,176,149.57,1,Lost Customers
4026,1,275,193.29000000000002,1,Lost Customers
4027,1,225,171.0,1,Lost Customers
4028,1,127,468.65,1,Lost Customers
4029,1,45,390.05,3,Potential Loyalists
4030,1,118,233.4,1,Lost Customers
4031,1,97,148.71,1,Lost Customers
4032,1,46,114.92,1,Lost Customers
4033,1,7,208.97,3,Potential Loyalists
4034,1,27,184.66,3,Potential Loyalists
4035,1,245,414.72,1,Lost Customers
4036,1,277,176.07999999999998,1,Lost Customers
4037,1,142,135.0,1,Lost Customers
4038,1,323,167.1,1,Lost Customers
4039,1,181,216.39999999999998,1,Lost Customers
4040,1,63,3084.02,0,Loyal Customers
4041,1,276,580.08,1,Lost Customers
4042,1,111,385.7,1,Lost Customers
4043,1,163,316.48,1,Lost Customers
4044,1,321,1807.98,1,Lost Customers
4045,1,43,732.94,3,Potential Loyalists
4046,1,13,276.5,3,Potential Loyalists
4047,1,9,133.34,3,Potential Loyalists
4048,1,256,388.84,1,Lost Customers
4049,1,358,338.46000000000004,1,Lost Customers
4050,1,78,175.9,1,Lost Customers
4051,1,237,430.69,1,Lost Customers
4052,1,50,331.14,1,Lost Customers
4053,1,210,63.419999999999995,1,Lost Customers
4054,1,195,393.72,1,Lost Customers
4055,1,219,1126.0,1,Lost Customers
4056,1,43,955.2,3,Potential Loyalists
4057,1,219,289.87,1,Lost Customers
4058,1,360,310.43,1,Lost Customers
4059,1,69,834.4399999999999,1,Lost Customers
4060,1,269,298.9,1,Lost Customers
4061,1,293,717.62,1,Lost Customers
4062,1,37,400.3,3,Potential Loyalists
4063,1,218,508.20000000000005,1,Lost Customers
4064,1,10,257.06,3,Potential Loyalists
4065,1,211,310.74,1,Lost Customers
4066,1,219,539.25,1,Lost Customers
4067,1,372,110.05,1,Lost Customers
4068,1,21,227.15,3,Potential Loyalists
4069,1,16,235.87,3,Potential Loyalists
4070,1,38,452.0,3,Potential Loyalists
4071,1,259,139.32,1,Lost Customers
4072,1,325,60.959999999999994,1,Lost Customers
4073,1,52,295.85,1,Lost Customers
4074,1,77,220.46,1,Lost Customers
4075,1,269,402.97999999999996,1,Lost Customers
4076,1,37,89.5,1,Lost Customers
4077,1,35,1174.55,3,Potential Loyalists
4078,1,312,277.93,1,Lost Customers
4079,1,196,105.5,1,Lost Customers
4080,1,84,382.2,1,Lost Customers
4081,1,275,357.4,1,Lost Customers
4082,1,365,135.0,1,Lost Customers
4083,1,108,123.5,1,Lost Customers
4084,1,49,309.09000000000003,1,Lost Customers
4085,1,367,209.41,1,Lost Customers
4086,1,175,159.17000000000002,1,Lost Customers
4087,1,363,465.42,1,Lost Customers
4088,1,361,261.7,1,Lost Customers
4089,1,10,64.49,3,Potential Loyalists
4090,1,186,225.78,1,Lost Customers
4091,1,73,536.28,1,Lost Customers
4092,1,178,170.4,1,Lost Customers
4093,1,7,244.08,3,Potential Loyalists
4094,1,317,56.73,1,Lost Customers
4095,1,58,132.8,1,Lost Customers
4096,1,324,211.95,1,Lost Customers
4097,1,29,381.09000000000003,3,Potential Loyalists
4098,1,275,291.76,1,Lost Customers
4099,1,164,708.1,1,Lost Customers
4100,1,66,1037.28,3,Potential Loyalists
4101,1,365,285.29999999999995,1,Lost Customers
4102,1,368,436.18,1,Lost Customers
4103,1,79,466.33000000000004,1,Lost Customers
4104,1,186,286.71,1,Lost Customers
4105,1,7,321.79,3,Potential Loyalists
4106,1,35,1223.31,3,Potential Loyalists
4107,1,28,201.27,3,Potential Loyalists
4108,1,45,239.12,1,Lost Customers
4109,1,315,138.18,1,Lost Customers
4110,1,30,171.71,3,Potential Loyalists
4111,1,44,426.26,3,Potential Loyalists
4112,1,356,294.0,1,Lost Customers
4113,1,206,128.7,1,Lost Customers
4114,1,267,114.69,1,Lost Customers
4115,1,41,344.90000000000003,3,Potential Loyalists
4116,1,55,144.29,1,Lost Customers
4117,1,58,74.99,1,Lost Customers
4118,1,147,79.48,1,Lost Customers
4119,1,183,111.15,1,Lost Customers
4120,1,365,178.98000000000002,1,Lost Customers
4121,1,0,383.07,3,Potential Loyalists
4122,1,11,106.47999999999999,3,Potential Loyalists
4123,1,253,389.49,1,Lost Customers
4124,1,198,426.24,1,Lost Customers
4125,1,283,379.7,1,Lost Customers
4126,1,102,167.16,1,Lost Customers
4127,1,41,81.15,1,Lost Customers
4128,1,45,345.71,3,Potential Loyalists
4129,1,302,988.04,1,Lost Customers
4130,1,60,948.93,3,Potential Loyalists
4131,1,67,509.04,1,Lost Customers
4132,1,97,404.3,1,Lost Customers
4133,1,63,458.45,1,Lost Customers
4134,1,280,367.15000000000003,1,Lost Customers
4135,1,121,352.15000000000003,1,Lost Customers
4136,1,25,318.04,3,Potential Loyalists
4137,1,218,192.05,1,Lost Customers
4138,1,277,433.77,1,Lost Customers
4139,1,13,451.3,3,Potential Loyalists
4140,1,10,335.52,3,Potential Loyalists
4141,1,14,207.32999999999998,3,Potential Loyalists
4142,1,226,206.95,1,Lost Customers
4143,1,24,252.88,3,Potential Loyalists
4144,1,252,225.99,1,Lost Customers
4145,1,199,124.25,1,Lost Customers
4146,1,11,353.51,3,Potential Loyalists
4147,1,227,140.75,1,Lost Customers
4148,1,7,261.76,3,Potential Loyalists
4149,1,183,161.94,1,Lost Customers
4150,1,178,190.48000000000002,1,Lost Customers
4151,1,29,275.8,3,Potential Loyalists
4152,1,45,1352.96,3,Potential Loyalists
4153,1,297,59.400000000000006,1,Lost Customers
4154,1,42,107.24,1,Lost Customers
4155,1,43,167.08,1,Lost Customers
4156,1,106,223.28,1,Lost Customers
4157,1,22,87.6,3,Potential Loyalists
4158,1,18,342.55,3,Potential Loyalists
4159,1,301,152.39999999999998,1,Lost Customers
4160,1,309,499.6,1,Lost Customers
4161,1,283,168.22,1,Lost Customers
4162,1,368,305.5,1,Lost Customers
4163,1,330,332.7,1,Lost Customers
4164,1,121,30.599999999999998,1,Lost Customers
4165,1,206,229.75,1,Lost Customers
4166,1,284,189.63,1,Lost Customers
4167,1,128,222.64,1,Lost Customers
4168,1,28,337.66,3,Potential Loyalists
4169,1,199,10877.18,0,Loyal Customers
4170,1,27,176.5,3,Potential Loyalists
4171,1,253,190.95,1,Lost Customers
4172,1,1,173.55,3,Potential Loyalists
4173,1,367,485.31,1,Lost Customers
4174,1,55,301.58000000000004,1,Lost Customers
4175,1,70,632.68,1,Lost Customers
4176,1,240,454.36,1,Lost Customers
4177,1,91,326.65,1,Lost Customers
4178,1,191,141.48,1,Lost Customers
4179,1,27,215.22,3,Potential Loyalists
4180,1,358,115.3,1,Lost Customers
4181,1,66,165.0,1,Lost Customers
4182,1,6,303.5,3,Potential Loyalists
4183,1,16,297.29,3,Potential Loyalists
4184,1,126,590.78,1,Lost Customers
4185,1,36,240.5,3,Potential Loyalists
4186,1,46,373.02,3,Potential Loyalists
4187,1,300,247.5,1,Lost Customers
4188,1,45,233.35,1,Lost Customers
4189,1,289,207.04,1,Lost Customers
4190,1,365,308.0,1,Lost Customers
4191,1,190,93.6,1,Lost Customers
4192,1,113,1634.64,0,Loyal Customers
4193,1,312,129.75,1,Lost Customers
4194,1,111,711.18,1,Lost Customers
4195,1,336,140.22000000000003,1,Lost Customers
4196,1,176,116.1,1,Lost Customers
4197,1,1,287.91,3,Potential Loyalists
4198,1,190,109.44,1,Lost Customers
4199,1,372,214.79999999999998,1,Lost Customers
4200,1,30,115.66,3,Potential Loyalists
4201,1,317,243.63,1,Lost Customers
4202,1,27,231.10999999999999,3,Potential Loyalists
4203,1,147,150.5,1,Lost Customers
4204,1,31,527.94,3,Potential Loyalists
4205,1,185,451.56,1,Lost Customers
4206,1,184,105.8,1,Lost Customers
4207,1,77,165.88,1,Lost Customers
4208,1,46,193.48000000000002,1,Lost Customers
4209,1,304,314.1,1,Lost Customers
4210,1,15,151.49,3,Potential Loyalists
4211,1,291,202.56,1,Lost Customers
4212,1,83,964.21,1,Lost Customers
4213,1,297,762.48,1,Lost Customers
4214,1,32,463.53,3,Potential Loyalists
4215,1,205,348.59,1,Lost Customers
4216,1,135,24.75,1,Lost Customers
4217,1,42,94.92,1,Lost Customers
4218,1,46,174.57999999999998,1,Lost Customers
4219,1,46,404.45,3,Potential Loyalists
4220,1,44,147.66,1,Lost Customers
4221,1,196,71.95,1,Lost Customers
4222,1,49,368.75,1,Lost Customers
4223,1,165,454.66,1,Lost Customers
4224,1,57,302.04,1,Lost Customers
4225,1,70,610.6,1,Lost Customers
4226,1,301,280.51,1,Lost Customers
4227,1,81,428.45,1,Lost Customers
4228,1,56,321.9,1,Lost Customers
4229,1,228,360.85,1,Lost Customers
4230,1,21,365.82,3,Potential Loyalists
4231,1,14,184.41,3,Potential Loyalists
4232,1,367,371.51,1,Lost Customers
4233,1,219,728.84,1,Lost Customers
4234,1,258,175.5,1,Lost Customers
4235,1,224,405.85,1,Lost Customers
4236,1,3,76.32000000000001,3,Potential Loyalists
4237,1,332,9.700000000000001,1,Lost Customers
4238,1,2,180.7,3,Potential Loyalists
4239,1,148,92.2,1,Lost Customers
4240,1,107,102.65,1,Lost Customers
4241,1,38,209.05,3,Potential Loyalists
4242,1,172,399.29,1,Lost Customers
4243,1,266,222.95999999999998,1,Lost Customers
4244,1,139,220.13,1,Lost Customers
4245,1,108,536.41,1,Lost Customers
4246,1,129,549.05,1,Lost Customers
4247,1,55,1108.44,3,Potential Loyalists
4248,1,58,100.4,1,Lost Customers
4249,1,234,228.96,1,Lost Customers
4250,1,60,220.44,1,Lost Customers
4251,1,49,162.53,1,Lost Customers
4252,1,314,664.001,1,Lost Customers
4253,1,176,127.28,1,Lost Customers
4254,1,37,241.35,3,Potential Loyalists
4255,1,247,589.52,1,Lost Customers
4256,1,238,58.5,1,Lost Customers
4257,1,281,112.85000000000001,1,Lost Customers
4258,1,281,426.69,1,Lost Customers
4259,1,294,246.22,1,Lost Customers
4260,1,4,186.88,3,Potential Loyalists
4261,1,206,213.9,1,Lost Customers
4262,1,210,230.1,1,Lost Customers
4263,1,318,344.75,1,Lost Customers
4264,1,309,931.43,1,Lost Customers
4265,1,49,205.25,1,Lost Customers
4266,1,156,591.6600000000001,1,Lost Customers
4267,1,317,63.24,1,Lost Customers
4268,1,97,39.95,1,Lost Customers
4269,1,74,311.77,1,Lost Customers
4270,1,357,2.95,1,Lost Customers
4271,1,210,115.08000000000001,1,Lost Customers
4272,1,360,431.98,1,Lost Customers
4273,1,25,241.3,3,Potential Loyalists
4274,1,137,320.38,1,Lost Customers
4275,1,44,346.9,3,Potential Loyalists
4276,1,190,266.25,1,Lost Customers
4277,1,41,107.75,1,Lost Customers
4278,1,200,360.08,1,Lost Customers
4279,1,263,917.6999999999999,1,Lost Customers
4280,1,73,222.16,1,Lost Customers
4281,1,69,251.1,1,Lost Customers
4282,1,312,298.3,1,Lost Customers
4283,1,319,321.6,1,Lost Customers
4284,1,301,390.85,1,Lost Customers
4285,1,258,219.39999999999998,1,Lost Customers
4286,1,49,515.78,3,Potential Loyalists
4287,1,25,383.33,3,Potential Loyalists
4288,1,119,295.0,1,Lost Customers
4289,1,186,179.6,1,Lost Customers
4290,1,150,270.92,1,Lost Customers
4291,1,120,136.35000000000002,1,Lost Customers
4292,1,275,60.0,1,Lost Customers
4293,1,221,160.5,1,Lost Customers
4294,1,38,307.56,3,Potential Loyalists
4295,1,294,307.3,1,Lost Customers
4296,1,24,159.94,3,Potential Loyalists
4297,1,42,285.54,3,Potential Loyalists
4298,1,118,613.33,1,Lost Customers
4299,1,307,269.37,1,Lost Customers
4300,1,1,168.6,3,Potential Loyalists
4301,1,67,161.4,1,Lost Customers
4302,1,22,110.7,3,Potential Loyalists
4303,1,133,603.25,1,Lost Customers
4304,1,66,461.68,1,Lost Customers
4305,1,295,427.0,1,Lost Customers
4306,1,373,130.0,1,Lost Customers
4307,1,357,447.53000000000003,1,Lost Customers
4308,1,188,314.65999999999997,1,Lost Customers
4309,1,134,544.47,1,Lost Customers
